ID_ENTIDAD,ENTIDAD,TOTAL_CONSERVACION,PROGRAMA_CONSERVACION
9,CIUDAD DE MEXICO,129436333.41,Estudios y/o Proyectos 
9,CIUDAD DE MEXICO,109148272.0,Programa Asociación Público Privada de Conservación
9,CIUDAD DE MEXICO,49970811.76,Programa Asociación Público Privada de Conservación
9,CIUDAD DE MEXICO,85144638.22,Programa Asociación Público Privada de Conservación
9,CIUDAD DE MEXICO,24157274.76,Programa Asociación Público Privada de Conservación
9,CIUDAD DE MEXICO,72732022.42,Programa Asociación Público Privada de Conservación
9,CIUDAD DE MEXICO,23300706.19,Programa Asociación Público Privada de Conservación
9,CIUDAD DE MEXICO,89823407.39,Programa Asociación Público Privada de Conservación
9,CIUDAD DE MEXICO,6153455.82,Programa Asociación Público Privada de Conservación
9,CIUDAD DE MEXICO,47976165.51,Programa Asociación Público Privada de Conservación
9,CIUDAD DE MEXICO,28546973.54,Programa Asociación Público Privada de Conservación
1,AGUASCALIENTES,5529570.08,Reconstrucción
1,AGUASCALIENTES,4813722.36,Conservación Periódica
1,AGUASCALIENTES,1611081.71,Conservación Periódica
1,AGUASCALIENTES,25749999.7,Conservación Periódica
1,AGUASCALIENTES,29939999.4,Conservación Periódica
1,AGUASCALIENTES,29939831.76,Conservación Periódica
1,AGUASCALIENTES,32680351.62,Conservación Periódica
1,AGUASCALIENTES,11149998.46,Conservación Periódica
1,AGUASCALIENTES,54280.54,Conservación Periódica
1,AGUASCALIENTES,139735.51,Conservación Periódica
1,AGUASCALIENTES,757544.47,Conservación Periódica
1,AGUASCALIENTES,2424266.64,Conservación Periódica
1,AGUASCALIENTES,4574551.0,Conservación Periódica
1,AGUASCALIENTES,5228456.57,Conservación Periódica
1,AGUASCALIENTES,25285138.4,Conservación Rutinaria
1,AGUASCALIENTES,6583760.76,Conservación Rutinaria
1,AGUASCALIENTES,6243336.48,Conservación Rutinaria
1,AGUASCALIENTES,6098134.71,Conservación Rutinaria
1,AGUASCALIENTES,6359906.45,Conservación Rutinaria
1,AGUASCALIENTES,288194.25,Conservación Rutinaria
1,AGUASCALIENTES,740615.11,Conservación Rutinaria
1,AGUASCALIENTES,356408.94,Conservación Rutinaria
1,AGUASCALIENTES,72944.11,Conservación Rutinaria
1,AGUASCALIENTES,2406653.38,Conservación Rutinaria
1,AGUASCALIENTES,11937169.32,Señalamiento
1,AGUASCALIENTES,5114049.43,Señalamiento
1,AGUASCALIENTES,6823119.89,Señalamiento
1,AGUASCALIENTES,1610939.47,Señalamiento
1,AGUASCALIENTES,4594196.22,Señalamiento
1,AGUASCALIENTES,3732587.79,Conservación Rutinaria
1,AGUASCALIENTES,3964210.81,Otros Subprogramas
1,AGUASCALIENTES,2028913.54,Otros Subprogramas
2,BAJA CALIFORNIA,7783836.2,Reconstrucción
2,BAJA CALIFORNIA,11255261.9,Reconstrucción
2,BAJA CALIFORNIA,465702.09,Reconstrucción
2,BAJA CALIFORNIA,7996962.05,Conservación Periódica
2,BAJA CALIFORNIA,27430590.35,Conservación Periódica
2,BAJA CALIFORNIA,23664691.47,Conservación Periódica
2,BAJA CALIFORNIA,11486904.55,Conservación Periódica
2,BAJA CALIFORNIA,23363832.57,Conservación Periódica
2,BAJA CALIFORNIA,24958387.83,Conservación Periódica
2,BAJA CALIFORNIA,2265758.46,Conservación Periódica
2,BAJA CALIFORNIA,13788212.69,Conservación Periódica
2,BAJA CALIFORNIA,9194966.26,Conservación Periódica
2,BAJA CALIFORNIA,3480315.34,Conservación Periódica
2,BAJA CALIFORNIA,1496877.95,Conservación Periódica
2,BAJA CALIFORNIA,1357922.98,Conservación Periódica
2,BAJA CALIFORNIA,18538510.71,Conservación Periódica
2,BAJA CALIFORNIA,23024273.86,Conservación Periódica
2,BAJA CALIFORNIA,4727823.83,Conservación Periódica
2,BAJA CALIFORNIA,1611691.83,Conservación Periódica
2,BAJA CALIFORNIA,1134292.63,Conservación Periódica
2,BAJA CALIFORNIA,1424814.44,Conservación Periódica
2,BAJA CALIFORNIA,89118774.34,Conservación Rutinaria
2,BAJA CALIFORNIA,8099448.36,Conservación Rutinaria
2,BAJA CALIFORNIA,7069306.46,Conservación Rutinaria
2,BAJA CALIFORNIA,7287796.4,Conservación Rutinaria
2,BAJA CALIFORNIA,8308328.96,Conservación Rutinaria
2,BAJA CALIFORNIA,9292515.3,Conservación Rutinaria
2,BAJA CALIFORNIA,8034510.12,Conservación Rutinaria
2,BAJA CALIFORNIA,5982806.14,Conservación Rutinaria
2,BAJA CALIFORNIA,7967951.94,Conservación Rutinaria
2,BAJA CALIFORNIA,7714387.98,Conservación Rutinaria
2,BAJA CALIFORNIA,6916853.47,Conservación Rutinaria
2,BAJA CALIFORNIA,5663360.89,Conservación Rutinaria
2,BAJA CALIFORNIA,6781508.32,Conservación Rutinaria
2,BAJA CALIFORNIA,1748675.27,Conservación Rutinaria
2,BAJA CALIFORNIA,2565116.88,Conservación Rutinaria
2,BAJA CALIFORNIA,1684232.71,Conservación Rutinaria
2,BAJA CALIFORNIA,628966.13,Conservación Rutinaria
2,BAJA CALIFORNIA,297202.32,Conservación Rutinaria
2,BAJA CALIFORNIA,218962.42,Conservación Rutinaria
2,BAJA CALIFORNIA,182028.52,Conservación Rutinaria
2,BAJA CALIFORNIA,6096232.61,Conservación Rutinaria
2,BAJA CALIFORNIA,6895167.01,Señalamiento
2,BAJA CALIFORNIA,18151997.06,Señalamiento
2,BAJA CALIFORNIA,7853632.86,Señalamiento
2,BAJA CALIFORNIA,6181508.54,Señalamiento
2,BAJA CALIFORNIA,6895167.01,Señalamiento
2,BAJA CALIFORNIA,8402368.32,Señalamiento
2,BAJA CALIFORNIA,7855691.44,Conservación Rutinaria
2,BAJA CALIFORNIA,43815587.58,Coparticipación FONDEN
2,BAJA CALIFORNIA,34120876.39,Coparticipación FONDEN
2,BAJA CALIFORNIA,1625839.69,Coparticipación FONDEN
2,BAJA CALIFORNIA,3308204.98,Otros Subprogramas
2,BAJA CALIFORNIA,4863760.09,Otros Subprogramas
3,BAJA CALIFORNIA SUR,13037318.0,Reconstrucción
3,BAJA CALIFORNIA SUR,10922959.15,Reconstrucción
3,BAJA CALIFORNIA SUR,27996339.53,Conservación Periódica
3,BAJA CALIFORNIA SUR,13233971.09,Conservación Periódica
3,BAJA CALIFORNIA SUR,3091237.74,Conservación Periódica
3,BAJA CALIFORNIA SUR,2318428.3,Conservación Periódica
3,BAJA CALIFORNIA SUR,9273713.21,Conservación Periódica
3,BAJA CALIFORNIA SUR,11184968.09,Conservación Periódica
3,BAJA CALIFORNIA SUR,1403218.5,Conservación Periódica
3,BAJA CALIFORNIA SUR,11225747.96,Conservación Periódica
3,BAJA CALIFORNIA SUR,8513045.5,Conservación Periódica
3,BAJA CALIFORNIA SUR,4256522.75,Conservación Periódica
3,BAJA CALIFORNIA SUR,20981820.8,Conservación Periódica
3,BAJA CALIFORNIA SUR,9648900.89,Conservación Periódica
3,BAJA CALIFORNIA SUR,8178757.61,Conservación Periódica
3,BAJA CALIFORNIA SUR,6670724.52,Conservación Periódica
3,BAJA CALIFORNIA SUR,7624961.86,Conservación Periódica
3,BAJA CALIFORNIA SUR,3910003.39,Conservación Periódica
3,BAJA CALIFORNIA SUR,10614971.03,Conservación Periódica
3,BAJA CALIFORNIA SUR,7015314.54,Conservación Periódica
3,BAJA CALIFORNIA SUR,13834467.67,Conservación Periódica
3,BAJA CALIFORNIA SUR,15765928.29,Conservación Periódica
3,BAJA CALIFORNIA SUR,4693815.01,Conservación Periódica
3,BAJA CALIFORNIA SUR,4998544.32,Conservación Periódica
3,BAJA CALIFORNIA SUR,3438699.63,Conservación Periódica
3,BAJA CALIFORNIA SUR,3494688.98,Conservación Periódica
3,BAJA CALIFORNIA SUR,5025844.76,Conservación Periódica
3,BAJA CALIFORNIA SUR,5695149.34,Conservación Periódica
3,BAJA CALIFORNIA SUR,101164107.94,Conservación Rutinaria
3,BAJA CALIFORNIA SUR,14159252.87,Conservación Rutinaria
3,BAJA CALIFORNIA SUR,12056845.27,Conservación Rutinaria
3,BAJA CALIFORNIA SUR,9267292.7,Conservación Rutinaria
3,BAJA CALIFORNIA SUR,11208475.17,Conservación Rutinaria
3,BAJA CALIFORNIA SUR,11513997.2,Conservación Rutinaria
3,BAJA CALIFORNIA SUR,14541115.86,Conservación Rutinaria
3,BAJA CALIFORNIA SUR,12445857.24,Conservación Rutinaria
3,BAJA CALIFORNIA SUR,9757486.97,Conservación Rutinaria
3,BAJA CALIFORNIA SUR,6213784.66,Conservación Rutinaria
3,BAJA CALIFORNIA SUR,4837859.31,Conservación Rutinaria
3,BAJA CALIFORNIA SUR,4732411.36,Conservación Rutinaria
3,BAJA CALIFORNIA SUR,7979671.24,Conservación Rutinaria
3,BAJA CALIFORNIA SUR,1485257.27,Conservación Rutinaria
3,BAJA CALIFORNIA SUR,115555.71,Conservación Rutinaria
3,BAJA CALIFORNIA SUR,10218412.31,Conservación Rutinaria
3,BAJA CALIFORNIA SUR,47874292.04,Señalamiento
3,BAJA CALIFORNIA SUR,14140407.84,Señalamiento
3,BAJA CALIFORNIA SUR,12709901.59,Señalamiento
3,BAJA CALIFORNIA SUR,18235911.01,Señalamiento
3,BAJA CALIFORNIA SUR,2788071.6,Señalamiento
3,BAJA CALIFORNIA SUR,8438458.12,Señalamiento
3,BAJA CALIFORNIA SUR,6521653.96,Señalamiento
3,BAJA CALIFORNIA SUR,9977442.74,Señalamiento
3,BAJA CALIFORNIA SUR,10670312.92,Señalamiento
3,BAJA CALIFORNIA SUR,3893753.76,Conservación Rutinaria
3,BAJA CALIFORNIA SUR,3697787.95,Conservación Rutinaria
3,BAJA CALIFORNIA SUR,1165734.26,Otros Subprogramas
3,BAJA CALIFORNIA SUR,694903.63,Otros Subprogramas
3,BAJA CALIFORNIA SUR,3810531.11,Otros Subprogramas
4,CAMPECHE,4574734.44,Reconstrucción 
4,CAMPECHE,21920476.8,Conservación Periódica
4,CAMPECHE,25955605.23,Conservación Periódica
4,CAMPECHE,6694811.59,Conservación Periódica
4,CAMPECHE,1187261.77,Conservación Periódica
4,CAMPECHE,25644384.07,Conservación Periódica
4,CAMPECHE,23052031.84,Conservación Periódica
4,CAMPECHE,17385317.58,Conservación Periódica
4,CAMPECHE,17259371.13,Conservación Periódica
4,CAMPECHE,8527921.48,Conservación Periódica
4,CAMPECHE,10850000.0,Conservación Periódica
4,CAMPECHE,5205145.19,Conservación Periódica
4,CAMPECHE,3702935.79,Conservación Periódica
4,CAMPECHE,5500000.0,Conservación Periódica
4,CAMPECHE,5419652.87,Conservación Periódica
4,CAMPECHE,96678134.05,Conservación Rutinaria
4,CAMPECHE,13000000.0,Conservación Rutinaria
4,CAMPECHE,12760775.47,Conservación Rutinaria
4,CAMPECHE,13250000.0,Conservación Rutinaria
4,CAMPECHE,9752936.51,Conservación Rutinaria
4,CAMPECHE,12717458.28,Conservación Rutinaria
4,CAMPECHE,9656825.3,Conservación Rutinaria
4,CAMPECHE,12850000.0,Conservación Rutinaria
4,CAMPECHE,12690138.49,Conservación Rutinaria
4,CAMPECHE,256757.11,Conservación Rutinaria
4,CAMPECHE,4850181.95,Conservación Rutinaria
4,CAMPECHE,42078523.23,Señalamiento
4,CAMPECHE,12265148.81,Señalamiento
4,CAMPECHE,14907666.66,Señalamiento
4,CAMPECHE,14905707.76,Señalamiento
4,CAMPECHE,3074866.51,Señalamiento
4,CAMPECHE,8131949.97,Señalamiento
4,CAMPECHE,8086500.0,Señalamiento
4,CAMPECHE,5050498.49,Conservación Rutinaria
4,CAMPECHE,3185679.8,Otros Subprogramas
4,CAMPECHE,3854343.0,Otros Subprogramas
4,CAMPECHE,26824789.38,Programa Asociación Público Privada de Conservación 
5,COAHUILA,0.0,Reconstrucción 
5,COAHUILA,58654490.51,Conservación Periódica
5,COAHUILA,55853904.5,Conservación Periódica
5,COAHUILA,19417024.45,Conservación Periódica
5,COAHUILA,8488154.91,Conservación Periódica
5,COAHUILA,3779012.13,Conservación Periódica
5,COAHUILA,15492992.23,Conservación Periódica
5,COAHUILA,6865494.44,Conservación Periódica
5,COAHUILA,16443648.0,Conservación Periódica
5,COAHUILA,4742208.18,Conservación Periódica
5,COAHUILA,9437203.2,Conservación Periódica
5,COAHUILA,5432658.39,Conservación Periódica
5,COAHUILA,3699537.38,Conservación Periódica
5,COAHUILA,103400977.79,Conservación Rutinaria
5,COAHUILA,8520417.55,Conservación Rutinaria
5,COAHUILA,8403061.23,Conservación Rutinaria
5,COAHUILA,7799636.24,Conservación Rutinaria
5,COAHUILA,8698838.13,Conservación Rutinaria
5,COAHUILA,6565420.61,Conservación Rutinaria
5,COAHUILA,9700398.98,Conservación Rutinaria
5,COAHUILA,9654161.73,Conservación Rutinaria
5,COAHUILA,8249387.51,Conservación Rutinaria
5,COAHUILA,8930248.15,Conservación Rutinaria
5,COAHUILA,6913855.64,Conservación Rutinaria
5,COAHUILA,8801973.27,Conservación Rutinaria
5,COAHUILA,9783828.35,Conservación Rutinaria
5,COAHUILA,1379750.4,Conservación Rutinaria
5,COAHUILA,6032592.66,Conservación Rutinaria
5,COAHUILA,41999354.45,Señalamiento
5,COAHUILA,13818900.12,Señalamiento
5,COAHUILA,12200284.48,Señalamiento
5,COAHUILA,13093538.88,Señalamiento
5,COAHUILA,2886630.97,Señalamiento
5,COAHUILA,10998835.21,Señalamiento
5,COAHUILA,14544702.99,Señalamiento
5,COAHUILA,15124942.61,Señalamiento
5,COAHUILA,4019489.73,Conservación Rutinaria
5,COAHUILA,4128472.86,Conservación Rutinaria
5,COAHUILA,509238.02,Otros Subprogramas
5,COAHUILA,3002166.29,Otros Subprogramas
5,COAHUILA,2582201.72,Otros Subprogramas
6,COLIMA,7438709.58,Reconstrucción
6,COLIMA,13896892.33,Reconstrucción
6,COLIMA,6092141.25,Reconstrucción
6,COLIMA,16746356.57,Reconstrucción
6,COLIMA,6377673.22,Conservación Periódica
6,COLIMA,14523288.09,Conservación Periódica
6,COLIMA,10386258.1,Conservación Periódica
6,COLIMA,25319884.9,Conservación Periódica
6,COLIMA,10492626.67,Conservación Periódica
6,COLIMA,40878185.37,Conservación Periódica
6,COLIMA,8700000.0,Conservación Periódica
6,COLIMA,6971583.0,Conservación Periódica
6,COLIMA,4399756.12,Conservación Periódica
6,COLIMA,26682517.96,Conservación Rutinaria 
6,COLIMA,10310509.77,Conservación Rutinaria 
6,COLIMA,7647418.71,Conservación Rutinaria 
6,COLIMA,8724589.48,Conservación Rutinaria 
6,COLIMA,2133888.13,Conservación Rutinaria 
6,COLIMA,8733966.34,Señalamiento
6,COLIMA,7709226.27,Señalamiento
6,COLIMA,1024740.07,Señalamiento
6,COLIMA,4364747.31,Señalamiento
6,COLIMA,4738969.28,Señalamiento
6,COLIMA,4182550.75,Conservación Rutinaria
6,COLIMA,3738543.58,Otros Subprogramas
6,COLIMA,1271255.63,Otros Subprogramas
7,CHIAPAS,72008362.95,Reconstrucción
7,CHIAPAS,2493715.34,Reconstrucción
7,CHIAPAS,25723544.05,Reconstrucción
7,CHIAPAS,2792164.14,Reconstrucción
7,CHIAPAS,4225491.97,Reconstrucción
7,CHIAPAS,45337.61,Reconstrucción
7,CHIAPAS,11264957.55,Conservación Periódica
7,CHIAPAS,10017205.43,Conservación Periódica
7,CHIAPAS,48811145.61,Conservación Periódica
7,CHIAPAS,27732248.4,Conservación Periódica
7,CHIAPAS,15290634.39,Conservación Periódica
7,CHIAPAS,17456041.33,Conservación Periódica
7,CHIAPAS,11542390.19,Conservación Periódica
7,CHIAPAS,9715768.36,Conservación Periódica
7,CHIAPAS,13517044.33,Conservación Periódica
7,CHIAPAS,17169667.3,Conservación Periódica
7,CHIAPAS,17853844.87,Conservación Periódica
7,CHIAPAS,670492.5,Conservación Periódica
7,CHIAPAS,1010886.8,Conservación Periódica
7,CHIAPAS,487010.18,Conservación Periódica
7,CHIAPAS,587107.98,Conservación Periódica
7,CHIAPAS,587107.98,Conservación Periódica
7,CHIAPAS,2367595.7,Conservación Periódica
7,CHIAPAS,4805608.37,Conservación Periódica
7,CHIAPAS,3161584.45,Conservación Periódica
7,CHIAPAS,8062414.44,Conservación Periódica
7,CHIAPAS,6276042.1,Conservación Periódica
7,CHIAPAS,7172461.89,Conservación Periódica
7,CHIAPAS,1934472.29,Conservación Periódica
7,CHIAPAS,4513768.67,Conservación Periódica
7,CHIAPAS,8387632.95,Conservación Periódica
7,CHIAPAS,7894242.79,Conservación Periódica
7,CHIAPAS,6797238.06,Conservación Periódica
7,CHIAPAS,2850810.38,Conservación Periódica
7,CHIAPAS,2544441.02,Conservación Periódica
7,CHIAPAS,17601366.24,Conservación Periódica
7,CHIAPAS,7572760.71,Conservación Periódica
7,CHIAPAS,14788298.18,Conservación Periódica
7,CHIAPAS,138932977.46,Conservación Rutinaria
7,CHIAPAS,17412876.0,Conservación Rutinaria
7,CHIAPAS,15867205.95,Conservación Rutinaria
7,CHIAPAS,15232273.44,Conservación Rutinaria
7,CHIAPAS,14263519.35,Conservación Rutinaria
7,CHIAPAS,11799897.99,Conservación Rutinaria
7,CHIAPAS,11446391.26,Conservación Rutinaria
7,CHIAPAS,12207839.14,Conservación Rutinaria
7,CHIAPAS,10788002.13,Conservación Rutinaria
7,CHIAPAS,10223649.24,Conservación Rutinaria
7,CHIAPAS,10297887.24,Conservación Rutinaria
7,CHIAPAS,9393435.72,Conservación Rutinaria
7,CHIAPAS,103356.26,Conservación Rutinaria
7,CHIAPAS,96115.19,Conservación Rutinaria
7,CHIAPAS,129614.42,Conservación Rutinaria
7,CHIAPAS,147139.71,Conservación Rutinaria
7,CHIAPAS,188918.37,Conservación Rutinaria
7,CHIAPAS,144364.49,Conservación Rutinaria
7,CHIAPAS,117926.24,Conservación Rutinaria
7,CHIAPAS,117185.54,Conservación Rutinaria
7,CHIAPAS,110528.52,Conservación Rutinaria
7,CHIAPAS,51435.95,Conservación Rutinaria
7,CHIAPAS,47481.94,Conservación Rutinaria
7,CHIAPAS,50877.41,Conservación Rutinaria
7,CHIAPAS,109319.91,Conservación Rutinaria
7,CHIAPAS,98658.78,Conservación Rutinaria
7,CHIAPAS,71796.72,Conservación Rutinaria
7,CHIAPAS,23123.12,Conservación Rutinaria
7,CHIAPAS,128200.25,Conservación Rutinaria
7,CHIAPAS,48582.02,Conservación Rutinaria
7,CHIAPAS,70273.03,Conservación Rutinaria
7,CHIAPAS,356703.6,Conservación Rutinaria
7,CHIAPAS,177003.19,Conservación Rutinaria
7,CHIAPAS,14524124.3,Conservación Rutinaria
7,CHIAPAS,66800056.99,Señalamiento
7,CHIAPAS,19193481.05,Señalamiento
7,CHIAPAS,26032775.48,Señalamiento
7,CHIAPAS,21573800.46,Señalamiento
7,CHIAPAS,68826.94,Señalamiento
7,CHIAPAS,75758.57,Señalamiento
7,CHIAPAS,19516737.38,Señalamiento
7,CHIAPAS,16528762.72,Señalamiento
7,CHIAPAS,16231585.51,Señalamiento
7,CHIAPAS,4146422.99,Conservación Rutinaria
7,CHIAPAS,4013294.92,Conservación Rutinaria
7,CHIAPAS,72474.69,Conservación Rutinaria
7,CHIAPAS,13112.84,Conservación Rutinaria
7,CHIAPAS,45779.9,Conservación Rutinaria
7,CHIAPAS,9755192.04,Otros Subprogramas
7,CHIAPAS,2307090.7,Otros Subprogramas
7,CHIAPAS,2442782.45,Otros Subprogramas
7,CHIAPAS,82836523.11,Otros Subprogramas
8,CHIHUAHUA,2554024.65,Reconstrucción
8,CHIHUAHUA,11932927.69,Reconstrucción
8,CHIHUAHUA,2605345.26,Reconstrucción
8,CHIHUAHUA,17571976.08,Conservación Periódica
8,CHIHUAHUA,7407048.49,Conservación Periódica
8,CHIHUAHUA,7717232.7,Conservación Periódica
8,CHIHUAHUA,22739900.89,Conservación Periódica
8,CHIHUAHUA,16592794.3,Conservación Periódica
8,CHIHUAHUA,13969147.6,Conservación Periódica
8,CHIHUAHUA,9896243.91,Conservación Periódica
8,CHIHUAHUA,608158.15,Conservación Periódica
8,CHIHUAHUA,8879881.02,Conservación Periódica
8,CHIHUAHUA,16777330.66,Conservación Periódica
8,CHIHUAHUA,8879949.12,Conservación Periódica
8,CHIHUAHUA,10622605.12,Conservación Periódica
8,CHIHUAHUA,9619522.69,Conservación Periódica
8,CHIHUAHUA,14800806.01,Conservación Periódica
8,CHIHUAHUA,6355464.58,Conservación Periódica
8,CHIHUAHUA,6333885.56,Conservación Periódica
8,CHIHUAHUA,11157569.49,Conservación Periódica
8,CHIHUAHUA,11218024.29,Conservación Periódica
8,CHIHUAHUA,5114799.58,Conservación Periódica
8,CHIHUAHUA,9289901.76,Conservación Periódica
8,CHIHUAHUA,7235870.49,Conservación Periódica
8,CHIHUAHUA,7969495.8,Conservación Periódica
8,CHIHUAHUA,9554200.8,Conservación Periódica
8,CHIHUAHUA,2886822.4,Conservación Periódica
8,CHIHUAHUA,3178864.0,Conservación Periódica
8,CHIHUAHUA,4131808.86,Conservación Periódica
8,CHIHUAHUA,8999453.37,Conservación Periódica
8,CHIHUAHUA,186267250.61,Conservación Rutinaria
8,CHIHUAHUA,10647952.37,Conservación Rutinaria
8,CHIHUAHUA,8956033.34,Conservación Rutinaria
8,CHIHUAHUA,7894321.44,Conservación Rutinaria
8,CHIHUAHUA,9719618.63,Conservación Rutinaria
8,CHIHUAHUA,8398188.96,Conservación Rutinaria
8,CHIHUAHUA,7770068.42,Conservación Rutinaria
8,CHIHUAHUA,10233799.8,Conservación Rutinaria
8,CHIHUAHUA,9869564.02,Conservación Rutinaria
8,CHIHUAHUA,9438932.12,Conservación Rutinaria
8,CHIHUAHUA,7691014.9,Conservación Rutinaria
8,CHIHUAHUA,8621618.78,Conservación Rutinaria
8,CHIHUAHUA,10884777.63,Conservación Rutinaria
8,CHIHUAHUA,11384038.16,Conservación Rutinaria
8,CHIHUAHUA,9023383.54,Conservación Rutinaria
8,CHIHUAHUA,9179775.6,Conservación Rutinaria
8,CHIHUAHUA,8399475.49,Conservación Rutinaria
8,CHIHUAHUA,8996385.27,Conservación Rutinaria
8,CHIHUAHUA,10897444.58,Conservación Rutinaria
8,CHIHUAHUA,7800619.35,Conservación Rutinaria
8,CHIHUAHUA,10460238.21,Conservación Rutinaria
8,CHIHUAHUA,0.0,Conservación Rutinaria
8,CHIHUAHUA,41988478.26,Señalamiento
8,CHIHUAHUA,12654542.89,Señalamiento
8,CHIHUAHUA,14969907.41,Señalamiento
8,CHIHUAHUA,14364027.96,Señalamiento
8,CHIHUAHUA,8352677.02,Señalamiento
8,CHIHUAHUA,3365929.02,Señalamiento
8,CHIHUAHUA,1021536.58,Señalamiento
8,CHIHUAHUA,8994641.87,Señalamiento
8,CHIHUAHUA,9309789.0,Señalamiento
8,CHIHUAHUA,14017989.93,Señalamiento
8,CHIHUAHUA,4899992.25,Conservación Rutinaria
8,CHIHUAHUA,3807909.96,Conservación Rutinaria
8,CHIHUAHUA,6092246.39,Conservación Rutinaria
8,CHIHUAHUA,0.0,Otros Subprogramas
8,CHIHUAHUA,3713104.16,Otros Subprogramas
8,CHIHUAHUA,3997774.0,Otros Subprogramas
8,CHIHUAHUA,3997207.41,Otros Subprogramas
10,DURANGO,1577131.68,Reconstrucción
10,DURANGO,8228219.76,Reconstrucción
10,DURANGO,7557857.39,Reconstrucción
10,DURANGO,108098.56,Reconstrucción
10,DURANGO,22600526.39,Conservación Periódica
10,DURANGO,848193.29,Conservación Periódica
10,DURANGO,6185744.22,Conservación Periódica
10,DURANGO,71142394.08,Conservación Periódica
10,DURANGO,59906080.42,Conservación Periódica
10,DURANGO,917286.52,Conservación Periódica
10,DURANGO,11452020.79,Conservación Periódica
10,DURANGO,22552066.24,Conservación Periódica
10,DURANGO,12258108.11,Conservación Periódica
10,DURANGO,8575943.16,Conservación Periódica
10,DURANGO,8141298.6,Conservación Periódica
10,DURANGO,12467089.82,Conservación Periódica
10,DURANGO,13808225.44,Conservación Periódica
10,DURANGO,1290993.12,Conservación Periódica
10,DURANGO,620577.25,Conservación Periódica
10,DURANGO,7555495.42,Conservación Periódica
10,DURANGO,3995398.6,Conservación Periódica
10,DURANGO,5027926.83,Conservación Periódica
10,DURANGO,1272758.8,Conservación Periódica
10,DURANGO,2942856.63,Conservación Periódica
10,DURANGO,2163258.38,Conservación Periódica
10,DURANGO,355229.35,Conservación Periódica
10,DURANGO,140161.67,Conservación Periódica
10,DURANGO,1154664.0,Conservación Periódica
10,DURANGO,1283080.64,Conservación Periódica
10,DURANGO,2071246.03,Conservación Periódica
10,DURANGO,591784.58,Conservación Periódica
10,DURANGO,295892.29,Conservación Periódica
10,DURANGO,4366792.6,Conservación Periódica
10,DURANGO,110849863.46,Conservación Rutinaria
10,DURANGO,7751839.37,Conservación Rutinaria
10,DURANGO,8132269.03,Conservación Rutinaria
10,DURANGO,8334267.55,Conservación Rutinaria
10,DURANGO,8997766.41,Conservación Rutinaria
10,DURANGO,8642225.21,Conservación Rutinaria
10,DURANGO,9138743.22,Conservación Rutinaria
10,DURANGO,6259152.45,Conservación Rutinaria
10,DURANGO,6384242.3,Conservación Rutinaria
10,DURANGO,11458034.57,Conservación Rutinaria
10,DURANGO,8891195.92,Conservación Rutinaria
10,DURANGO,8707372.09,Conservación Rutinaria
10,DURANGO,6897228.79,Conservación Rutinaria
10,DURANGO,6264450.59,Conservación Rutinaria
10,DURANGO,4991075.96,Conservación Rutinaria
10,DURANGO,158083.83,Conservación Rutinaria
10,DURANGO,347787.64,Conservación Rutinaria
10,DURANGO,187030.28,Conservación Rutinaria
10,DURANGO,122899.28,Conservación Rutinaria
10,DURANGO,88984.82,Conservación Rutinaria
10,DURANGO,102578.35,Conservación Rutinaria
10,DURANGO,408025.01,Conservación Rutinaria
10,DURANGO,125594.36,Conservación Rutinaria
10,DURANGO,199999.99,Conservación Rutinaria
10,DURANGO,92540.56,Conservación Rutinaria
10,DURANGO,97457.48,Conservación Rutinaria
10,DURANGO,98279.17,Conservación Rutinaria
10,DURANGO,66434.66,Conservación Rutinaria
10,DURANGO,213924.09,Conservación Rutinaria
10,DURANGO,178046.28,Conservación Rutinaria
10,DURANGO,199999.22,Conservación Rutinaria
10,DURANGO,157379.97,Conservación Rutinaria
10,DURANGO,93610.26,Conservación Rutinaria
10,DURANGO,180789.33,Conservación Rutinaria
10,DURANGO,159669.22,Conservación Rutinaria
10,DURANGO,59437.72,Conservación Rutinaria
10,DURANGO,0.0,Conservación Rutinaria
10,DURANGO,173728.94,Conservación Rutinaria
10,DURANGO,199533.28,Conservación Rutinaria
10,DURANGO,8227793.42,Conservación Rutinaria
10,DURANGO,19108831.37,Señalamiento
10,DURANGO,8311165.23,Señalamiento
10,DURANGO,8830329.47,Señalamiento
10,DURANGO,1967336.67,Señalamiento
10,DURANGO,5725752.82,Señalamiento 
10,DURANGO,6164176.99,Señalamiento 
10,DURANGO,6139532.55,Señalamiento 
10,DURANGO,2695150.8,Señalamiento 
10,DURANGO,5744213.81,Conservación Rutinaria
10,DURANGO,3707733.29,Conservación Rutinaria
10,DURANGO,2054158.86,Otros Subprogramas
10,DURANGO,2938902.61,Otros Subprogramas
10,DURANGO,2933079.62,Otros Subprogramas
11,GUANAJUATO,33307190.59,Reconstrucción
11,GUANAJUATO,7216813.04,Reconstrucción
11,GUANAJUATO,34740000.0,Conservación Periódica
11,GUANAJUATO,25836087.52,Conservación Periódica
11,GUANAJUATO,10665793.07,Conservación Periódica
11,GUANAJUATO,5849879.54,Conservación Periódica
11,GUANAJUATO,12496556.31,Conservación Periódica
11,GUANAJUATO,55882075.24,Conservación Periódica
11,GUANAJUATO,12075935.78,Conservación Periódica
11,GUANAJUATO,45096028.71,Conservación Periódica
11,GUANAJUATO,2301538.6,Conservación Periódica
11,GUANAJUATO,4899798.24,Conservación Periódica
11,GUANAJUATO,4891330.46,Conservación Periódica
11,GUANAJUATO,6766579.74,Conservación Periódica
11,GUANAJUATO,6291198.1,Conservación Periódica
11,GUANAJUATO,2022416.5,Conservación Periódica
11,GUANAJUATO,57993001.33,Conservación Rutinaria 
11,GUANAJUATO,11336149.7,Conservación Rutinaria 
11,GUANAJUATO,9866256.34,Conservación Rutinaria 
11,GUANAJUATO,11491869.9,Conservación Rutinaria 
11,GUANAJUATO,9429427.23,Conservación Rutinaria 
11,GUANAJUATO,7126955.2,Conservación Rutinaria 
11,GUANAJUATO,8742342.96,Conservación Rutinaria 
11,GUANAJUATO,470620.21,Conservación Rutinaria 
11,GUANAJUATO,0.0,Conservación Rutinaria 
11,GUANAJUATO,21773747.16,Señalamiento
11,GUANAJUATO,6001054.35,Señalamiento
11,GUANAJUATO,2455323.06,Señalamiento
11,GUANAJUATO,13317369.75,Señalamiento
11,GUANAJUATO,3180801.39,Señalamiento
11,GUANAJUATO,10942454.17,Señalamiento
11,GUANAJUATO,8410068.71,Conservación Rutinaria
11,GUANAJUATO,7430057.99,Otros Subprogramas
11,GUANAJUATO,2820624.42,Otros Subprogramas
11,GUANAJUATO,502649333.4,Otros Subprogramas
12,GUERRERO,8997757.57,Reconstrucción
12,GUERRERO,8864019.5,Reconstrucción
12,GUERRERO,8045595.81,Reconstrucción
12,GUERRERO,25064215.58,Conservación Periódica
12,GUERRERO,14762886.36,Conservación Periódica
12,GUERRERO,12730063.34,Conservación Periódica
12,GUERRERO,7929111.21,Conservación Periódica
12,GUERRERO,14755522.74,Conservación Periódica
12,GUERRERO,19279509.52,Conservación Periódica
12,GUERRERO,27215345.7,Conservación Periódica
12,GUERRERO,23567352.86,Conservación Periódica
12,GUERRERO,16570013.51,Conservación Periódica
12,GUERRERO,2719887.49,Conservación Periódica
12,GUERRERO,8379483.18,Conservación Periódica
12,GUERRERO,8915000.86,Conservación Periódica
12,GUERRERO,4592418.39,Conservación Periódica
12,GUERRERO,9376227.39,Conservación Periódica
12,GUERRERO,14998110.66,Conservación Periódica
12,GUERRERO,8455175.54,Conservación Periódica
12,GUERRERO,1118585.42,Conservación Periódica
12,GUERRERO,2952746.59,Conservación Periódica
12,GUERRERO,8281493.0,Conservación Periódica
12,GUERRERO,5890191.84,Conservación Periódica
12,GUERRERO,12122867.29,Conservación Periódica
12,GUERRERO,5927568.37,Conservación Periódica
12,GUERRERO,7714194.16,Conservación Periódica
12,GUERRERO,8923464.73,Conservación Periódica
12,GUERRERO,2594764.83,Conservación Periódica
12,GUERRERO,2271592.28,Conservación Periódica
12,GUERRERO,700000.0,Conservación Periódica
12,GUERRERO,744128.13,Conservación Periódica
12,GUERRERO,744128.13,Conservación Periódica
12,GUERRERO,1062066.25,Conservación Periódica
12,GUERRERO,5351636.98,Conservación Periódica
12,GUERRERO,153769416.32,Conservación Rutinaria
12,GUERRERO,10831066.84,Conservación Rutinaria
12,GUERRERO,11501820.46,Conservación Rutinaria
12,GUERRERO,11489224.87,Conservación Rutinaria
12,GUERRERO,12164718.87,Conservación Rutinaria
12,GUERRERO,11329596.68,Conservación Rutinaria
12,GUERRERO,13658457.14,Conservación Rutinaria
12,GUERRERO,9164487.15,Conservación Rutinaria
12,GUERRERO,9603275.05,Conservación Rutinaria
12,GUERRERO,9647904.2,Conservación Rutinaria
12,GUERRERO,11737338.28,Conservación Rutinaria
12,GUERRERO,9663662.96,Conservación Rutinaria
12,GUERRERO,10588760.32,Conservación Rutinaria
12,GUERRERO,11472455.04,Conservación Rutinaria
12,GUERRERO,10916648.46,Conservación Rutinaria
12,GUERRERO,7120421.0,Conservación Rutinaria
12,GUERRERO,53195258.02,Señalamiento
12,GUERRERO,13384870.6,Señalamiento
12,GUERRERO,11726332.12,Señalamiento
12,GUERRERO,11595983.5,Señalamiento
12,GUERRERO,10832254.0,Señalamiento
12,GUERRERO,5655817.8,Señalamiento
12,GUERRERO,12417761.11,Señalamiento
12,GUERRERO,12351369.56,Señalamiento
12,GUERRERO,14692223.25,Señalamiento
12,GUERRERO,12011466.06,Señalamiento
12,GUERRERO,6146260.68,Conservación Rutinaria
12,GUERRERO,5460148.88,Conservación Rutinaria
12,GUERRERO,5586901.84,Conservación Rutinaria
12,GUERRERO,8302050.62,Otros Subprogramas
12,GUERRERO,5218702.06,Otros Subprogramas
13,HIDALGO,4193083.69,Reconstrucción
13,HIDALGO,4193083.69,Reconstrucción
13,HIDALGO,20876737.21,Conservación Periódica
13,HIDALGO,29837796.66,Conservación Periódica
13,HIDALGO,18329762.02,Conservación Periódica
13,HIDALGO,15363738.96,Conservación Periódica
13,HIDALGO,16030840.76,Conservación Periódica
13,HIDALGO,4972641.65,Conservación Periódica
13,HIDALGO,46150945.8,Conservación Periódica
13,HIDALGO,8871921.43,Conservación Periódica
13,HIDALGO,4401797.87,Conservación Periódica
13,HIDALGO,4184726.75,Conservación Periódica
13,HIDALGO,5054674.24,Conservación Periódica
13,HIDALGO,5265000.0,Conservación Periódica
13,HIDALGO,17412242.06,Conservación Periódica
13,HIDALGO,4508000.0,Conservación Periódica
13,HIDALGO,4028761.37,Conservación Periódica
13,HIDALGO,695172.8,Conservación Periódica
13,HIDALGO,5240521.82,Conservación Periódica
13,HIDALGO,64175623.55,Conservación Rutinaria
13,HIDALGO,8323429.87,Conservación Rutinaria
13,HIDALGO,10240068.0,Conservación Rutinaria
13,HIDALGO,9427600.0,Conservación Rutinaria
13,HIDALGO,8906363.28,Conservación Rutinaria
13,HIDALGO,9069322.0,Conservación Rutinaria
13,HIDALGO,8840508.34,Conservación Rutinaria
13,HIDALGO,9368332.06,Conservación Rutinaria
13,HIDALGO,3204741.98,Conservación Rutinaria
13,HIDALGO,24760886.28,Señalamiento
13,HIDALGO,13200949.34,Señalamiento
13,HIDALGO,10797367.33,Señalamiento
13,HIDALGO,762569.61,Señalamiento
13,HIDALGO,3483680.55,Señalamiento
13,HIDALGO,11452947.3,Señalamiento
13,HIDALGO,4926414.0,Conservación Rutinaria
13,HIDALGO,3677060.77,Conservación Rutinaria
13,HIDALGO,2219152.38,Otros Subprogramas
13,HIDALGO,2213490.41,Otros Subprogramas
13,HIDALGO,195516059.32,Programa Asociación Público Privada de Conservación
14,JALISCO,15136717.42,Reconstrucción
14,JALISCO,11498201.64,Reconstrucción
14,JALISCO,3085123.51,Reconstrucción
14,JALISCO,352633.84,Reconstrucción
14,JALISCO,18341726.7,Conservación Periódica
14,JALISCO,11090965.8,Conservación Periódica
14,JALISCO,59005836.3,Conservación Periódica
14,JALISCO,22571007.01,Conservación Periódica
14,JALISCO,33572730.24,Conservación Periódica
14,JALISCO,44477739.9,Conservación Periódica
14,JALISCO,48855117.78,Conservación Periódica
14,JALISCO,6158915.78,Conservación Periódica
14,JALISCO,2154627.82,Conservación Periódica
14,JALISCO,2154627.84,Conservación Periódica
14,JALISCO,2154627.84,Conservación Periódica
14,JALISCO,2154627.84,Conservación Periódica
14,JALISCO,2154627.84,Conservación Periódica
14,JALISCO,2154627.84,Conservación Periódica
14,JALISCO,18363216.12,Conservación Periódica
14,JALISCO,7252648.0,Conservación Periódica
14,JALISCO,14076911.47,Conservación Periódica
14,JALISCO,7753835.93,Conservación Periódica
14,JALISCO,22733445.42,Conservación Periódica
14,JALISCO,7417574.23,Conservación Periódica
14,JALISCO,8550595.68,Conservación Periódica
14,JALISCO,12399980.64,Conservación Periódica
14,JALISCO,13099518.37,Conservación Periódica
14,JALISCO,13094302.36,Conservación Periódica
14,JALISCO,4463616.31,Conservación Periódica
14,JALISCO,4970079.9,Conservación Periódica
14,JALISCO,1655831.47,Conservación Periódica
14,JALISCO,1177420.67,Conservación Periódica
14,JALISCO,1225547.22,Conservación Periódica
14,JALISCO,4890412.8,Conservación Periódica
14,JALISCO,1826362.4,Conservación Periódica
14,JALISCO,1183984.86,Conservación Periódica
14,JALISCO,3562775.21,Conservación Periódica
14,JALISCO,4947051.39,Conservación Periódica
14,JALISCO,4984782.11,Conservación Periódica
14,JALISCO,137186670.3,Conservación Rutinaria
14,JALISCO,8620006.77,Conservación Rutinaria
14,JALISCO,9111104.75,Conservación Rutinaria
14,JALISCO,8248018.97,Conservación Rutinaria
14,JALISCO,8158906.83,Conservación Rutinaria
14,JALISCO,8291027.04,Conservación Rutinaria
14,JALISCO,7914735.15,Conservación Rutinaria
14,JALISCO,7539166.23,Conservación Rutinaria
14,JALISCO,5047149.93,Conservación Rutinaria
14,JALISCO,7487464.06,Conservación Rutinaria
14,JALISCO,8054437.87,Conservación Rutinaria
14,JALISCO,10514229.4,Conservación Rutinaria
14,JALISCO,10084775.66,Conservación Rutinaria
14,JALISCO,8455186.21,Conservación Rutinaria
14,JALISCO,15348667.71,Conservación Rutinaria
14,JALISCO,14311793.72,Conservación Rutinaria
14,JALISCO,1982793.3,Conservación Rutinaria
14,JALISCO,2896160.39,Conservación Rutinaria
14,JALISCO,2943790.12,Conservación Rutinaria
14,JALISCO,384504.22,Conservación Rutinaria
14,JALISCO,288176.66,Conservación Rutinaria
14,JALISCO,154751.78,Conservación Rutinaria
14,JALISCO,173906.88,Conservación Rutinaria
14,JALISCO,313306.46,Conservación Rutinaria
14,JALISCO,387884.86,Conservación Rutinaria
14,JALISCO,153234.17,Conservación Rutinaria
14,JALISCO,221550.88,Conservación Rutinaria
14,JALISCO,219201.43,Conservación Rutinaria
14,JALISCO,213172.58,Conservación Rutinaria
14,JALISCO,260441.31,Conservación Rutinaria
14,JALISCO,171069.49,Conservación Rutinaria
14,JALISCO,241074.76,Conservación Rutinaria
14,JALISCO,170750.47,Conservación Rutinaria
14,JALISCO,182589.5,Conservación Rutinaria
14,JALISCO,180583.54,Conservación Rutinaria
14,JALISCO,310420.11,Conservación Rutinaria
14,JALISCO,293789.82,Conservación Rutinaria
14,JALISCO,289820.65,Conservación Rutinaria
14,JALISCO,202764.14,Conservación Rutinaria
14,JALISCO,196152.58,Conservación Rutinaria
14,JALISCO,5618363.0,Conservación Rutinaria
14,JALISCO,25830560.0,Señalamiento
14,JALISCO,12930560.0,Señalamiento
14,JALISCO,12900000.0,Señalamiento
14,JALISCO,2174370.5,Señalamiento
14,JALISCO,9224154.83,Señalamiento
14,JALISCO,8824695.1,Señalamiento
14,JALISCO,6609925.53,Conservación Rutinaria
14,JALISCO,6778836.73,Conservación Rutinaria
14,JALISCO,350556.77,Conservación Rutinaria
14,JALISCO,3428436.32,Otros Subprogramas
14,JALISCO,12443283.05,Otros Subprogramas
14,JALISCO,3260719.0,Otros Subprogramas
14,JALISCO,3152303.64,Otros Subprogramas
15,MEXICO,2036132.95,Reconstrucción
15,MEXICO,37710225.99,Reconstrucción
15,MEXICO,19909915.2,Reconstrucción
15,MEXICO,5994896.83,Reconstrucción
15,MEXICO,4447595.59,Reconstrucción
15,MEXICO,16648538.27,Conservación Periódica
15,MEXICO,39857850.09,Conservación Periódica
15,MEXICO,11999460.58,Conservación Periódica
15,MEXICO,13809688.22,Conservación Periódica
15,MEXICO,12993288.76,Conservación Periódica
15,MEXICO,18708558.88,Conservación Periódica
15,MEXICO,11609351.53,Conservación Periódica
15,MEXICO,17537606.68,Conservación Periódica
15,MEXICO,24584590.77,Conservación Periódica
15,MEXICO,9266835.07,Conservación Periódica
15,MEXICO,10125333.67,Conservación Periódica
15,MEXICO,24869740.66,Conservación Periódica
15,MEXICO,4896967.84,Conservación Periódica
15,MEXICO,20775664.29,Conservación Periódica
15,MEXICO,7870698.14,Conservación Periódica
15,MEXICO,31007784.59,Conservación Periódica
15,MEXICO,497072.71,Conservación Periódica
15,MEXICO,386438.65,Conservación Periódica
15,MEXICO,1103701.42,Conservación Periódica
15,MEXICO,871612.25,Conservación Periódica
15,MEXICO,58749.05,Conservación Periódica
15,MEXICO,70299.26,Conservación Periódica
15,MEXICO,1472319.83,Conservación Periódica
15,MEXICO,4401914.14,Conservación Periódica
15,MEXICO,3311040.29,Conservación Periódica
15,MEXICO,21993375.12,Conservación Periódica
15,MEXICO,12285359.67,Conservación Periódica
15,MEXICO,8280320.07,Conservación Periódica
15,MEXICO,7598265.13,Conservación Periódica
15,MEXICO,9978729.42,Conservación Periódica
15,MEXICO,1891970.23,Conservación Periódica
15,MEXICO,10681220.09,Conservación Periódica
15,MEXICO,24996430.62,Conservación Periódica
15,MEXICO,0.0,Conservación Periódica
15,MEXICO,6807377.74,Conservación Periódica
15,MEXICO,5915859.46,Conservación Periódica
15,MEXICO,57815453.88,Conservación Rutinaria
15,MEXICO,8998462.52,Conservación Rutinaria
15,MEXICO,7718575.11,Conservación Rutinaria
15,MEXICO,9912981.24,Conservación Rutinaria
15,MEXICO,9990351.47,Conservación Rutinaria
15,MEXICO,10739179.56,Conservación Rutinaria
15,MEXICO,6692131.8,Conservación Rutinaria
15,MEXICO,3763772.18,Conservación Rutinaria
15,MEXICO,0.0,Conservación Rutinaria
15,MEXICO,25803131.52,Señalamiento
15,MEXICO,17321037.52,Señalamiento
15,MEXICO,5834195.64,Señalamiento
15,MEXICO,2647898.36,Señalamiento
15,MEXICO,15530098.96,Señalamiento
15,MEXICO,15575436.68,Señalamiento
15,MEXICO,5910009.16,Señalamiento
15,MEXICO,8265582.11,Conservación Rutinaria
15,MEXICO,5586730.06,Conservación Rutinaria
15,MEXICO,11670745.21,Otros Subprogramas
15,MEXICO,3071424.4,Otros Subprogramas
16,MICHOACAN,3903579.32,Reconstrucción
16,MICHOACAN,3903579.32,Reconstrucción
16,MICHOACAN,2202196.35,Reconstrucción
16,MICHOACAN,6196791.08,Reconstrucción
16,MICHOACAN,3639854.99,Reconstrucción
16,MICHOACAN,2587671.0,Reconstrucción
16,MICHOACAN,8031434.17,Reconstrucción
16,MICHOACAN,3750328.93,Reconstrucción
16,MICHOACAN,3750328.93,Reconstrucción
16,MICHOACAN,29761264.3,Conservación Periódica
16,MICHOACAN,22211368.25,Conservación Periódica
16,MICHOACAN,18104400.43,Conservación Periódica
16,MICHOACAN,2495640.33,Conservación Periódica
16,MICHOACAN,11649185.0,Conservación Periódica
16,MICHOACAN,5656784.75,Conservación Periódica
16,MICHOACAN,21949553.17,Conservación Periódica
16,MICHOACAN,14045386.72,Conservación Periódica
16,MICHOACAN,26746101.64,Conservación Periódica
16,MICHOACAN,13370975.81,Conservación Periódica
16,MICHOACAN,231198.6,Conservación Periódica
16,MICHOACAN,20650657.2,Conservación Periódica
16,MICHOACAN,305366.89,Conservación Periódica
16,MICHOACAN,27752235.92,Conservación Periódica
16,MICHOACAN,9132865.19,Conservación Periódica
16,MICHOACAN,27017672.44,Conservación Periódica
16,MICHOACAN,12452327.45,Conservación Periódica
16,MICHOACAN,14713503.86,Conservación Periódica
16,MICHOACAN,14545439.07,Conservación Periódica
16,MICHOACAN,33705293.71,Conservación Periódica
16,MICHOACAN,40948133.49,Conservación Periódica
16,MICHOACAN,7458898.58,Conservación Periódica
16,MICHOACAN,944202.04,Conservación Periódica
16,MICHOACAN,615277.93,Conservación Periódica
16,MICHOACAN,2047022.14,Conservación Periódica
16,MICHOACAN,3138712.68,Conservación Periódica
16,MICHOACAN,5252864.35,Conservación Periódica
16,MICHOACAN,6456764.0,Conservación Periódica
16,MICHOACAN,9903455.18,Conservación Periódica
16,MICHOACAN,10406377.31,Conservación Periódica
16,MICHOACAN,8721223.66,Conservación Periódica
16,MICHOACAN,11179388.06,Conservación Periódica
16,MICHOACAN,3940847.53,Conservación Periódica
16,MICHOACAN,6999975.05,Conservación Periódica
16,MICHOACAN,3375570.18,Conservación Periódica
16,MICHOACAN,3375570.17,Conservación Periódica
16,MICHOACAN,2412971.71,Conservación Periódica
16,MICHOACAN,2412971.71,Conservación Periódica
16,MICHOACAN,151736507.04,Conservación Rutinaria
16,MICHOACAN,9796913.06,Conservación Rutinaria
16,MICHOACAN,9694097.39,Conservación Rutinaria
16,MICHOACAN,9747490.95,Conservación Rutinaria
16,MICHOACAN,10674899.49,Conservación Rutinaria
16,MICHOACAN,9517183.89,Conservación Rutinaria
16,MICHOACAN,9029316.7,Conservación Rutinaria
16,MICHOACAN,12097554.83,Conservación Rutinaria
16,MICHOACAN,10653496.72,Conservación Rutinaria
16,MICHOACAN,7352856.12,Conservación Rutinaria
16,MICHOACAN,6672166.83,Conservación Rutinaria
16,MICHOACAN,12394983.47,Conservación Rutinaria
16,MICHOACAN,8518333.2,Conservación Rutinaria
16,MICHOACAN,6957413.18,Conservación Rutinaria
16,MICHOACAN,9694358.66,Conservación Rutinaria
16,MICHOACAN,8292208.7,Conservación Rutinaria
16,MICHOACAN,10643233.85,Conservación Rutinaria
16,MICHOACAN,0.0,Conservación Rutinaria
16,MICHOACAN,0.0,Conservación Rutinaria
16,MICHOACAN,282506.92,Conservación Rutinaria
16,MICHOACAN,176146.2,Conservación Rutinaria
16,MICHOACAN,394276.48,Conservación Rutinaria
16,MICHOACAN,437973.0,Conservación Rutinaria
16,MICHOACAN,376334.71,Conservación Rutinaria
16,MICHOACAN,246897.0,Conservación Rutinaria
16,MICHOACAN,11608275.39,Conservación Rutinaria
16,MICHOACAN,67533938.84,Señalamiento
16,MICHOACAN,27516706.96,Señalamiento
16,MICHOACAN,22921025.2,Señalamiento
16,MICHOACAN,6793388.23,Señalamiento
16,MICHOACAN,6302818.45,Señalamiento
16,MICHOACAN,2000000.0,Señalamiento
16,MICHOACAN,2000000.0,Señalamiento
16,MICHOACAN,329847.4,Señalamiento
16,MICHOACAN,387196.11,Señalamiento
16,MICHOACAN,8109820.77,Señalamiento
16,MICHOACAN,9479323.11,Señalamiento
16,MICHOACAN,5583698.23,Conservación Rutinaria
16,MICHOACAN,4656173.71,Conservación Rutinaria
16,MICHOACAN,5006048.42,Conservación Rutinaria
16,MICHOACAN,18889.14,Conservación Rutinaria
16,MICHOACAN,9442218.0,Conservación Rutinaria
16,MICHOACAN,2633747.63,Conservación Rutinaria
16,MICHOACAN,2850991.8,Conservación Rutinaria
16,MICHOACAN,33750034.7,Contratos Plurianuales de Conservación de Carreteras
17,MORELOS,5021417.05,Reconstrucción
17,MORELOS,15045998.46,Conservación Periódica
17,MORELOS,14940954.08,Conservación Periódica
17,MORELOS,8501806.21,Conservación Periódica
17,MORELOS,5398920.5,Conservación Periódica
17,MORELOS,8400000.0,Conservación Periódica
17,MORELOS,32945325.11,Conservación Periódica
17,MORELOS,15775227.87,Conservación Periódica
17,MORELOS,15576141.73,Conservación Periódica
17,MORELOS,9852576.89,Conservación Periódica
17,MORELOS,28125811.0,Conservación Periódica
17,MORELOS,10980674.38,Conservación Periódica
17,MORELOS,12287920.3,Conservación Periódica
17,MORELOS,36980041.8,Conservación Periódica
17,MORELOS,2320464.0,Conservación Periódica
17,MORELOS,2765272.07,Conservación Periódica
17,MORELOS,3421969.21,Conservación Periódica
17,MORELOS,3911502.75,Conservación Periódica
17,MORELOS,2024633.97,Conservación Periódica
17,MORELOS,4541452.53,Conservación Periódica
17,MORELOS,40732258.15,Conservación Rutinaria
17,MORELOS,8629610.2,Conservación Rutinaria
17,MORELOS,8441444.35,Conservación Rutinaria
17,MORELOS,8646422.89,Conservación Rutinaria
17,MORELOS,7364602.33,Conservación Rutinaria
17,MORELOS,7650178.38,Conservación Rutinaria
17,MORELOS,3232508.64,Conservación Rutinaria
17,MORELOS,9957962.2,Señalamiento
17,MORELOS,9957962.2,Señalamiento
17,MORELOS,3580946.1,Señalamiento
17,MORELOS,9051502.75,Señalamiento
17,MORELOS,3626991.05,Conservación Rutinaria
17,MORELOS,500000.0,Otros Subprogramas
17,MORELOS,700000.0,Otros Subprogramas
17,MORELOS,500000.0,Otros Subprogramas
17,MORELOS,1128575.26,Otros Subprogramas
17,MORELOS,2080226.11,Otros Subprogramas
18,NAYARIT,624314.99,Reconstrucción
18,NAYARIT,5215331.06,Reconstrucción
18,NAYARIT,637925.06,Reconstrucción
18,NAYARIT,18371686.75,Reconstrucción
18,NAYARIT,4991407.73,Reconstrucción
18,NAYARIT,8040908.9,Reconstrucción
18,NAYARIT,12448656.45,Conservación Periódica
18,NAYARIT,8899996.41,Conservación Periódica
18,NAYARIT,6079242.0,Conservación Periódica
18,NAYARIT,8700000.0,Conservación Periódica
18,NAYARIT,18807872.05,Conservación Periódica
18,NAYARIT,16919013.48,Conservación Periódica
18,NAYARIT,14285747.81,Conservación Periódica
18,NAYARIT,20522464.36,Conservación Periódica
18,NAYARIT,7552844.83,Conservación Periódica
18,NAYARIT,1797085.58,Conservación Periódica
18,NAYARIT,6500000.0,Conservación Periódica
18,NAYARIT,5026186.64,Conservación Periódica
18,NAYARIT,2844318.84,Conservación Periódica
18,NAYARIT,7449956.19,Conservación Periódica
18,NAYARIT,6200000.0,Conservación Periódica
18,NAYARIT,8101108.36,Conservación Periódica
18,NAYARIT,0.0,Conservación Periódica
18,NAYARIT,0.0,Conservación Periódica
18,NAYARIT,0.0,Conservación Periódica
18,NAYARIT,15292336.03,Conservación Periódica
18,NAYARIT,11422835.52,Conservación Periódica
18,NAYARIT,18762917.81,Conservación Periódica
18,NAYARIT,12149316.03,Conservación Periódica
18,NAYARIT,8440000.0,Conservación Periódica
18,NAYARIT,3998555.54,Conservación Periódica
18,NAYARIT,4003245.2,Conservación Periódica
18,NAYARIT,45050841.88,Conservación Rutinaria
18,NAYARIT,6889520.65,Conservación Rutinaria
18,NAYARIT,7246110.06,Conservación Rutinaria
18,NAYARIT,7441547.67,Conservación Rutinaria
18,NAYARIT,7751810.93,Conservación Rutinaria
18,NAYARIT,7909515.57,Conservación Rutinaria
18,NAYARIT,7812337.0,Conservación Rutinaria
18,NAYARIT,974463.31,Conservación Rutinaria
18,NAYARIT,15195760.1,Señalamiento
18,NAYARIT,8794710.74,Señalamiento
18,NAYARIT,6401049.36,Señalamiento
18,NAYARIT,4896753.84,Señalamiento
18,NAYARIT,8527166.05,Señalamiento
18,NAYARIT,4340872.62,Conservación Rutinaria
18,NAYARIT,1733148.1,Otros Subprogramas
18,NAYARIT,0.0,Otros Subprogramas
18,NAYARIT,2323063.23,Otros Subprogramas
18,NAYARIT,9160000.0,Coparticipación FONDEN
19,NUEVO LEON,1453807.6,Reconstrucción
19,NUEVO LEON,10957372.4,Reconstrucción
19,NUEVO LEON,17414166.52,Reconstrucción
19,NUEVO LEON,15889182.3,Reconstrucción
19,NUEVO LEON,3131971.92,Reconstrucción
19,NUEVO LEON,3746473.32,Reconstrucción
19,NUEVO LEON,10131078.2,Reconstrucción
19,NUEVO LEON,52333454.39,Conservación Periódica
19,NUEVO LEON,46473622.09,Conservación Periódica
19,NUEVO LEON,8019768.17,Conservación Periódica
19,NUEVO LEON,4185718.55,Conservación Periódica
19,NUEVO LEON,18545362.77,Conservación Periódica
19,NUEVO LEON,23251296.9,Conservación Periódica
19,NUEVO LEON,19946422.51,Conservación Periódica
19,NUEVO LEON,19403962.08,Conservación Periódica
19,NUEVO LEON,33370441.87,Conservación Periódica
19,NUEVO LEON,21456846.14,Conservación Periódica
19,NUEVO LEON,4460556.82,Conservación Periódica
19,NUEVO LEON,5075928.03,Conservación Periódica
19,NUEVO LEON,4892040.81,Conservación Periódica
19,NUEVO LEON,10639996.16,Conservación Periódica
19,NUEVO LEON,9181830.75,Conservación Periódica
19,NUEVO LEON,9400862.33,Conservación Periódica
19,NUEVO LEON,14677257.41,Conservación Periódica
19,NUEVO LEON,1475603.61,Conservación Periódica
19,NUEVO LEON,1486863.6,Conservación Periódica
19,NUEVO LEON,6730089.39,Conservación Periódica
19,NUEVO LEON,6517517.22,Conservación Periódica
19,NUEVO LEON,6680529.84,Conservación Periódica
19,NUEVO LEON,3058284.7,Conservación Periódica
19,NUEVO LEON,1644424.26,Conservación Periódica
19,NUEVO LEON,6988047.87,Conservación Periódica
19,NUEVO LEON,2478374.18,Conservación Periódica
19,NUEVO LEON,7636557.74,Conservación Periódica
19,NUEVO LEON,9986689.36,Conservación Periódica
19,NUEVO LEON,14223428.07,Conservación Periódica
19,NUEVO LEON,6250029.13,Conservación Periódica
19,NUEVO LEON,3682987.31,Conservación Periódica
19,NUEVO LEON,12032515.63,Conservación Periódica
19,NUEVO LEON,3400080.31,Conservación Periódica
19,NUEVO LEON,57395773.61,Conservación Rutinaria
19,NUEVO LEON,7990642.34,Conservación Rutinaria
19,NUEVO LEON,9602346.48,Conservación Rutinaria
19,NUEVO LEON,9372607.55,Conservación Rutinaria
19,NUEVO LEON,13071512.31,Conservación Rutinaria
19,NUEVO LEON,8395677.85,Conservación Rutinaria
19,NUEVO LEON,8962987.08,Conservación Rutinaria
19,NUEVO LEON,9945761.95,Conservación Rutinaria
19,NUEVO LEON,27305264.05,Señalamiento
19,NUEVO LEON,12550688.93,Señalamiento
19,NUEVO LEON,14754575.12,Señalamiento
19,NUEVO LEON,5648005.23,Señalamiento
19,NUEVO LEON,5296380.93,Señalamiento
19,NUEVO LEON,4809309.99,Señalamiento
19,NUEVO LEON,10187284.58,Conservación Rutinaria
19,NUEVO LEON,4532400.84,Otros Subprogramas
19,NUEVO LEON,3587951.29,Otros Subprogramas
19,NUEVO LEON,0.0,Programa Asociación Público Privada de Conservación 
19,NUEVO LEON,0.0,Programa Asociación Público Privada de Conservación 
20,OAXACA,3515091.47,Reconstrucción
20,OAXACA,8733584.6,Reconstrucción
20,OAXACA,5290996.96,Reconstrucción
20,OAXACA,19401256.46,Reconstrucción
20,OAXACA,8036510.2,Reconstrucción
20,OAXACA,12937754.2,Reconstrucción
20,OAXACA,8163011.64,Reconstrucción
20,OAXACA,3795871.91,Reconstrucción
20,OAXACA,4841133.08,Reconstrucción
20,OAXACA,18726823.6,Conservación Periódica
20,OAXACA,66304554.68,Conservación Periódica
20,OAXACA,9933388.01,Conservación Periódica
20,OAXACA,15035883.6,Conservación Periódica
20,OAXACA,18000627.58,Conservación Periódica
20,OAXACA,19899041.51,Conservación Periódica
20,OAXACA,29352606.41,Conservación Periódica
20,OAXACA,18538547.52,Conservación Periódica
20,OAXACA,27429986.95,Conservación Periódica
20,OAXACA,4382930.47,Conservación Periódica
20,OAXACA,10940920.5,Conservación Periódica
20,OAXACA,10726284.88,Conservación Periódica
20,OAXACA,9083841.18,Conservación Periódica
20,OAXACA,11866877.02,Conservación Periódica
20,OAXACA,5921181.43,Conservación Periódica
20,OAXACA,13633311.23,Conservación Periódica
20,OAXACA,2111763.73,Conservación Periódica
20,OAXACA,2496088.64,Conservación Periódica
20,OAXACA,2296750.93,Conservación Periódica
20,OAXACA,9464480.51,Conservación Periódica
20,OAXACA,10087074.29,Conservación Periódica
20,OAXACA,787364.33,Conservación Periódica
20,OAXACA,1994950.25,Conservación Periódica
20,OAXACA,205564717.64,Conservación Rutinaria
20,OAXACA,11319185.78,Conservación Rutinaria
20,OAXACA,10515506.15,Conservación Rutinaria
20,OAXACA,10515508.47,Conservación Rutinaria
20,OAXACA,8773959.91,Conservación Rutinaria
20,OAXACA,11739771.03,Conservación Rutinaria
20,OAXACA,12004276.55,Conservación Rutinaria
20,OAXACA,11983645.46,Conservación Rutinaria
20,OAXACA,11398228.43,Conservación Rutinaria
20,OAXACA,12004279.87,Conservación Rutinaria
20,OAXACA,11882936.69,Conservación Rutinaria
20,OAXACA,11398228.56,Conservación Rutinaria
20,OAXACA,12043523.56,Conservación Rutinaria
20,OAXACA,11882942.94,Conservación Rutinaria
20,OAXACA,13845124.75,Conservación Rutinaria
20,OAXACA,12628766.63,Conservación Rutinaria
20,OAXACA,10639894.76,Conservación Rutinaria
20,OAXACA,8773954.33,Conservación Rutinaria
20,OAXACA,12214983.77,Conservación Rutinaria
20,OAXACA,6145408.7,Conservación Rutinaria
20,OAXACA,0.0,Conservación Rutinaria
20,OAXACA,40522728.36,Señalamiento
20,OAXACA,11073288.79,Señalamiento
20,OAXACA,12403995.48,Señalamiento
20,OAXACA,9968024.25,Señalamiento
20,OAXACA,7077419.84,Señalamiento
20,OAXACA,1557121.36,Señalamiento
20,OAXACA,12532166.77,Señalamiento
20,OAXACA,12295233.85,Señalamiento
20,OAXACA,3357565.72,Señalamiento
20,OAXACA,16891367.4,Señalamiento
20,OAXACA,2799881.61,Conservación Rutinaria
20,OAXACA,2962785.9,Conservación Rutinaria
20,OAXACA,2952357.53,Conservación Rutinaria
20,OAXACA,2892215.5,Conservación Rutinaria
20,OAXACA,2855158.91,Conservación Rutinaria
20,OAXACA,2909129.76,Conservación Rutinaria
20,OAXACA,32380.22,Conservación Rutinaria
20,OAXACA,57619.48,Conservación Rutinaria
20,OAXACA,18431162.76,Otros Subprogramas
20,OAXACA,3054924.0,Otros Subprogramas
20,OAXACA,3275761.0,Otros Subprogramas
20,OAXACA,92108759.13,Coparticipación FONDEN
20,OAXACA,12553456.56,Coparticipación FONDEN
21,PUEBLA,7516099.51,Reconstrucción
21,PUEBLA,8462438.15,Reconstrucción
21,PUEBLA,9028957.36,Reconstrucción
21,PUEBLA,9244878.57,Reconstrucción
21,PUEBLA,10020569.6,Reconstrucción
21,PUEBLA,10479508.0,Reconstrucción
21,PUEBLA,33436480.37,Conservación Periódica
21,PUEBLA,12681920.4,Conservación Periódica
21,PUEBLA,39382615.66,Conservación Periódica
21,PUEBLA,11520081.36,Conservación Periódica
21,PUEBLA,15831968.7,Conservación Periódica
21,PUEBLA,20515922.4,Conservación Periódica
21,PUEBLA,16979921.76,Conservación Periódica
21,PUEBLA,18454575.88,Conservación Periódica
21,PUEBLA,19646951.5,Conservación Periódica
21,PUEBLA,24802915.23,Conservación Periódica
21,PUEBLA,27920868.5,Conservación Periódica
21,PUEBLA,12269965.24,Conservación Periódica
21,PUEBLA,11874999.6,Conservación Periódica
21,PUEBLA,8014933.39,Conservación Periódica
21,PUEBLA,13273555.31,Conservación Periódica
21,PUEBLA,9613708.85,Conservación Periódica
21,PUEBLA,4999398.62,Conservación Periódica
21,PUEBLA,10424266.32,Conservación Periódica
21,PUEBLA,11051478.82,Conservación Periódica
21,PUEBLA,7000000.0,Conservación Periódica
21,PUEBLA,10000000.0,Conservación Periódica
21,PUEBLA,2366185.1,Conservación Periódica
21,PUEBLA,74965307.33,Conservación Rutinaria
21,PUEBLA,10966312.06,Conservación Rutinaria
21,PUEBLA,10320789.49,Conservación Rutinaria
21,PUEBLA,14259832.7,Conservación Rutinaria
21,PUEBLA,12441873.52,Conservación Rutinaria
21,PUEBLA,11849506.23,Conservación Rutinaria
21,PUEBLA,15126993.33,Conservación Rutinaria
21,PUEBLA,5170816.0,Conservación Rutinaria
21,PUEBLA,4447440.0,Conservación Rutinaria
21,PUEBLA,4146091.57,Conservación Rutinaria
21,PUEBLA,34102934.49,Señalamiento
21,PUEBLA,3794222.48,Señalamiento
21,PUEBLA,12507314.85,Señalamiento
21,PUEBLA,17801397.16,Señalamiento
21,PUEBLA,12468386.31,Señalamiento
21,PUEBLA,15584194.28,Señalamiento
21,PUEBLA,16285861.92,Señalamiento
21,PUEBLA,5230000.0,Conservación Rutinaria
21,PUEBLA,0.0,Conservación Rutinaria
21,PUEBLA,12701452.09,Otros Subprogramas
21,PUEBLA,2760356.3,Otros Subprogramas
22,QUERETARO,41234728.31,Conservación Periódica
22,QUERETARO,23655685.09,Conservación Periódica
22,QUERETARO,6500682.63,Conservación Periódica
22,QUERETARO,11879966.05,Conservación Periódica
22,QUERETARO,36314855.8,Conservación Periódica
22,QUERETARO,9862990.56,Conservación Periódica
22,QUERETARO,2291957.35,Conservación Periódica
22,QUERETARO,5500697.64,Conservación Periódica
22,QUERETARO,15585309.98,Conservación Periódica
22,QUERETARO,7051417.16,Conservación Periódica
22,QUERETARO,7051417.16,Conservación Periódica
22,QUERETARO,4407135.72,Conservación Periódica
22,QUERETARO,8814271.45,Conservación Periódica
22,QUERETARO,3500247.64,Conservación Periódica
22,QUERETARO,2104820.0,Conservación Periódica
22,QUERETARO,1487700.0,Conservación Periódica
22,QUERETARO,146541.07,Conservación Periódica
22,QUERETARO,1285808.62,Conservación Periódica
22,QUERETARO,483527.25,Conservación Periódica
22,QUERETARO,179839.05,Conservación Periódica
22,QUERETARO,9563612.65,Conservación Periódica
22,QUERETARO,1357186.94,Conservación Periódica
22,QUERETARO,1703686.24,Conservación Periódica
22,QUERETARO,1000000.0,Conservación Periódica
22,QUERETARO,43003333.07,Conservación Rutinaria
22,QUERETARO,8648688.9,Conservación Rutinaria
22,QUERETARO,9399707.87,Conservación Rutinaria
22,QUERETARO,8562480.64,Conservación Rutinaria
22,QUERETARO,7488051.02,Conservación Rutinaria
22,QUERETARO,6428496.24,Conservación Rutinaria
22,QUERETARO,2475908.4,Conservación Rutinaria
22,QUERETARO,86848.46,Conservación Rutinaria
22,QUERETARO,290255.03,Conservación Rutinaria
22,QUERETARO,124417.69,Conservación Rutinaria
22,QUERETARO,116495.98,Conservación Rutinaria
22,QUERETARO,238324.08,Conservación Rutinaria
22,QUERETARO,219479.46,Conservación Rutinaria
22,QUERETARO,360516.38,Conservación Rutinaria
22,QUERETARO,1666467.47,Conservación Rutinaria
22,QUERETARO,23553181.35,Señalamiento
22,QUERETARO,11976010.07,Señalamiento
22,QUERETARO,10078869.94,Señalamiento
22,QUERETARO,1498301.34,Señalamiento
22,QUERETARO,9648699.37,Señalamiento
22,QUERETARO,7218715.51,Señalamiento
22,QUERETARO,7212500.0,Señalamiento
22,QUERETARO,3877241.09,Conservación Rutinaria
22,QUERETARO,8722556.25,Otros Subprogramas
22,QUERETARO,1815626.12,Otros Subprogramas
23,QUINTANA ROO,7603771.07,Conservación Periódica
23,QUINTANA ROO,34122157.17,Conservación Periódica
23,QUINTANA ROO,5343115.54,Conservación Periódica
23,QUINTANA ROO,10068083.99,Conservación Periódica
23,QUINTANA ROO,6840261.71,Conservación Periódica
23,QUINTANA ROO,11747967.37,Conservación Periódica
23,QUINTANA ROO,3344682.75,Conservación Periódica
23,QUINTANA ROO,12449447.67,Conservación Periódica
23,QUINTANA ROO,2281798.31,Conservación Periódica
23,QUINTANA ROO,5447310.38,Conservación Periódica
23,QUINTANA ROO,5601782.94,Conservación Periódica
23,QUINTANA ROO,5841306.36,Conservación Periódica
23,QUINTANA ROO,2751295.09,Conservación Periódica
23,QUINTANA ROO,8350816.77,Conservación Periódica
23,QUINTANA ROO,3387626.85,Conservación Periódica
23,QUINTANA ROO,7063908.86,Conservación Periódica
23,QUINTANA ROO,7516692.03,Conservación Periódica
23,QUINTANA ROO,5015647.64,Conservación Periódica
23,QUINTANA ROO,8593579.24,Conservación Periódica
23,QUINTANA ROO,74590790.5,Conservación Rutinaria
23,QUINTANA ROO,12494032.33,Conservación Rutinaria
23,QUINTANA ROO,12494005.51,Conservación Rutinaria
23,QUINTANA ROO,12481402.47,Conservación Rutinaria
23,QUINTANA ROO,12493016.63,Conservación Rutinaria
23,QUINTANA ROO,12149478.2,Conservación Rutinaria
23,QUINTANA ROO,12478855.36,Conservación Rutinaria
23,QUINTANA ROO,0.0,Conservación Rutinaria
23,QUINTANA ROO,30894535.45,Señalamiento
23,QUINTANA ROO,8711802.37,Señalamiento
23,QUINTANA ROO,11427333.33,Señalamiento
23,QUINTANA ROO,10755399.75,Señalamiento
23,QUINTANA ROO,4203381.68,Señalamiento
23,QUINTANA ROO,11274583.22,Señalamiento
23,QUINTANA ROO,2293009.73,Conservación Rutinaria
23,QUINTANA ROO,2901634.51,Otros Subprogramas
24,SAN LUIS POTOSI,7382525.96,Reconstrucción
24,SAN LUIS POTOSI,7234909.5,Reconstrucción
24,SAN LUIS POTOSI,25610353.27,Reconstrucción
24,SAN LUIS POTOSI,5490722.8,Reconstrucción
24,SAN LUIS POTOSI,5022959.31,Reconstrucción
24,SAN LUIS POTOSI,12297957.85,Conservación Periódica
24,SAN LUIS POTOSI,9333218.19,Conservación Periódica
24,SAN LUIS POTOSI,16783646.65,Conservación Periódica
24,SAN LUIS POTOSI,4280241.71,Conservación Periódica
24,SAN LUIS POTOSI,21761535.21,Conservación Periódica
24,SAN LUIS POTOSI,5350484.68,Conservación Periódica
24,SAN LUIS POTOSI,14821787.62,Conservación Periódica
24,SAN LUIS POTOSI,11774147.8,Conservación Periódica
24,SAN LUIS POTOSI,19203215.99,Conservación Periódica
24,SAN LUIS POTOSI,6512194.22,Conservación Periódica
24,SAN LUIS POTOSI,6524633.45,Conservación Periódica
24,SAN LUIS POTOSI,12503244.78,Conservación Periódica
24,SAN LUIS POTOSI,22702598.83,Conservación Periódica
24,SAN LUIS POTOSI,17123135.27,Conservación Periódica
24,SAN LUIS POTOSI,8035046.76,Conservación Periódica
24,SAN LUIS POTOSI,8651724.9,Conservación Periódica
24,SAN LUIS POTOSI,8614197.04,Conservación Periódica
24,SAN LUIS POTOSI,7133474.74,Conservación Periódica
24,SAN LUIS POTOSI,9328129.78,Conservación Periódica
24,SAN LUIS POTOSI,4878578.26,Conservación Periódica
24,SAN LUIS POTOSI,3980657.18,Conservación Periódica
24,SAN LUIS POTOSI,23894730.44,Conservación Periódica
24,SAN LUIS POTOSI,13473631.5,Conservación Periódica
24,SAN LUIS POTOSI,135000.0,Conservación Periódica
24,SAN LUIS POTOSI,305000.0,Conservación Periódica
24,SAN LUIS POTOSI,1235464.45,Conservación Periódica
24,SAN LUIS POTOSI,3879324.1,Conservación Periódica
24,SAN LUIS POTOSI,10641390.19,Conservación Periódica
24,SAN LUIS POTOSI,22943281.07,Conservación Periódica
24,SAN LUIS POTOSI,5906521.85,Conservación Periódica
24,SAN LUIS POTOSI,109856664.81,Conservación Rutinaria
24,SAN LUIS POTOSI,14261282.09,Conservación Rutinaria
24,SAN LUIS POTOSI,12190218.31,Conservación Rutinaria
24,SAN LUIS POTOSI,14492499.24,Conservación Rutinaria
24,SAN LUIS POTOSI,13841678.58,Conservación Rutinaria
24,SAN LUIS POTOSI,8334304.06,Conservación Rutinaria
24,SAN LUIS POTOSI,9120832.98,Conservación Rutinaria
24,SAN LUIS POTOSI,9483747.78,Conservación Rutinaria
24,SAN LUIS POTOSI,10688803.28,Conservación Rutinaria
24,SAN LUIS POTOSI,9997690.77,Conservación Rutinaria
24,SAN LUIS POTOSI,7445607.72,Conservación Rutinaria
24,SAN LUIS POTOSI,4342994.64,Conservación Rutinaria
24,SAN LUIS POTOSI,28577414.41,Señalamiento
24,SAN LUIS POTOSI,9169301.43,Señalamiento
24,SAN LUIS POTOSI,7525730.29,Señalamiento
24,SAN LUIS POTOSI,9528186.65,Señalamiento
24,SAN LUIS POTOSI,661611.47,Señalamiento
24,SAN LUIS POTOSI,741980.13,Señalamiento
24,SAN LUIS POTOSI,950604.44,Señalamiento
24,SAN LUIS POTOSI,10246026.46,Señalamiento
24,SAN LUIS POTOSI,9423021.4,Señalamiento
24,SAN LUIS POTOSI,5388671.84,Conservación Rutinaria
24,SAN LUIS POTOSI,4126097.43,Conservación Rutinaria
24,SAN LUIS POTOSI,5464218.05,Conservación Rutinaria
24,SAN LUIS POTOSI,4393844.23,Otros Subprogramas
24,SAN LUIS POTOSI,3285250.82,Otros Subprogramas
24,SAN LUIS POTOSI,123161596.9,Programa Asociación Público Privada de Conservación 
25,SINALOA,8703813.62,Reconstrucción
25,SINALOA,5182517.06,Reconstrucción
25,SINALOA,8472751.72,Reconstrucción
25,SINALOA,2121185.71,Reconstrucción
25,SINALOA,922070.31,Reconstrucción
25,SINALOA,1713474.87,Reconstrucción
25,SINALOA,420586.75,Reconstrucción
25,SINALOA,288691.97,Reconstrucción
25,SINALOA,1435039.2,Conservación Periódica
25,SINALOA,4934395.67,Conservación Periódica
25,SINALOA,10056921.83,Conservación Periódica
25,SINALOA,154502.52,Conservación Periódica
25,SINALOA,122018.71,Conservación Periódica
25,SINALOA,11771721.9,Conservación Periódica
25,SINALOA,28796929.18,Conservación Periódica
25,SINALOA,9619746.53,Conservación Periódica
25,SINALOA,14140049.1,Conservación Periódica
25,SINALOA,15403111.23,Conservación Periódica
25,SINALOA,4560247.95,Conservación Periódica
25,SINALOA,1153381.48,Conservación Periódica
25,SINALOA,64237.05,Conservación Periódica
25,SINALOA,25563565.66,Conservación Periódica
25,SINALOA,7980449.15,Conservación Periódica
25,SINALOA,251151.05,Conservación Periódica
25,SINALOA,18486.57,Conservación Periódica
25,SINALOA,53371.51,Conservación Periódica
25,SINALOA,9642069.59,Conservación Periódica
25,SINALOA,6178.25,Conservación Periódica
25,SINALOA,7213.07,Conservación Periódica
25,SINALOA,13553559.24,Conservación Periódica
25,SINALOA,6751334.82,Conservación Periódica
25,SINALOA,5267329.72,Conservación Periódica
25,SINALOA,11061022.21,Conservación Periódica
25,SINALOA,6493359.36,Conservación Periódica
25,SINALOA,6111415.65,Conservación Periódica
25,SINALOA,3953410.96,Conservación Periódica
25,SINALOA,86001.5,Conservación Periódica
25,SINALOA,72514.4,Conservación Periódica
25,SINALOA,194495.78,Conservación Periódica
25,SINALOA,4550807.46,Conservación Periódica
25,SINALOA,60333005.12,Conservación Rutinaria
25,SINALOA,7023048.22,Conservación Rutinaria
25,SINALOA,5763060.65,Conservación Rutinaria
25,SINALOA,7255543.45,Conservación Rutinaria
25,SINALOA,8809381.87,Conservación Rutinaria
25,SINALOA,7144949.78,Conservación Rutinaria
25,SINALOA,7319339.22,Conservación Rutinaria
25,SINALOA,8282866.34,Conservación Rutinaria
25,SINALOA,8734815.59,Conservación Rutinaria
25,SINALOA,237995.14,Conservación Rutinaria
25,SINALOA,79051.58,Conservación Rutinaria
25,SINALOA,115249.78,Conservación Rutinaria
25,SINALOA,496655.42,Conservación Rutinaria
25,SINALOA,220451.77,Conservación Rutinaria
25,SINALOA,231346.6,Conservación Rutinaria
25,SINALOA,200793.02,Conservación Rutinaria
25,SINALOA,473268.93,Conservación Rutinaria
25,SINALOA,727642.56,Conservación Rutinaria
25,SINALOA,115161.55,Conservación Rutinaria
25,SINALOA,185176.94,Conservación Rutinaria
25,SINALOA,8193576.39,Conservación Rutinaria
25,SINALOA,23234733.68,Señalamiento
25,SINALOA,8116975.4,Señalamiento
25,SINALOA,11865880.98,Señalamiento
25,SINALOA,3251877.3,Señalamiento
25,SINALOA,5594535.57,Señalamiento
25,SINALOA,8893971.03,Señalamiento
25,SINALOA,3982907.95,Señalamiento
25,SINALOA,6852445.22,Señalamiento
25,SINALOA,3884416.11,Conservación Rutinaria
25,SINALOA,2879869.79,Conservación Rutinaria
25,SINALOA,27524.98,Conservación Rutinaria
25,SINALOA,11933.93,Conservación Rutinaria
25,SINALOA,2044373.04,Otros Subprogramas
25,SINALOA,2652233.14,Otros Subprogramas
25,SINALOA,12012162.44,Coparticipación FONDEN
25,SINALOA,12883126.09,Coparticipación FONDEN
25,SINALOA,18244014.28,Coparticipación FONDEN
25,SINALOA,40411.85,Coparticipación FONDEN
25,SINALOA,256000.0,Coparticipación FONDEN
25,SINALOA,415238.85,Coparticipación FONDEN
25,SINALOA,644000.0,Coparticipación FONDEN
25,SINALOA,6570501.58,Coparticipación FONDEN
25,SINALOA,170000.0,Coparticipación FONDEN
25,SINALOA,537816.31,Coparticipación FONDEN
25,SINALOA,170000.0,Coparticipación FONDEN
25,SINALOA,200000.0,Coparticipación FONDEN
25,SINALOA,280000.0,Coparticipación FONDEN
25,SINALOA,270000.0,Coparticipación FONDEN
25,SINALOA,50000.0,Coparticipación FONDEN
25,SINALOA,39085.49,Coparticipación FONDEN
25,SINALOA,135889.73,Coparticipación FONDEN
25,SINALOA,1210275.81,Coparticipación FONDEN
26,SONORA,9055015.25,Reconstrucción
26,SONORA,8800000.0,Reconstrucción
26,SONORA,19000000.0,Reconstrucción
26,SONORA,13087627.92,Reconstrucción
26,SONORA,7879310.98,Reconstrucción
26,SONORA,24458872.43,Conservación Periódica
26,SONORA,14485997.93,Conservación Periódica
26,SONORA,11287924.03,Conservación Periódica
26,SONORA,14502835.11,Conservación Periódica
26,SONORA,35784832.81,Conservación Periódica
26,SONORA,16701904.23,Conservación Periódica
26,SONORA,10680320.34,Conservación Periódica
26,SONORA,11322012.06,Conservación Periódica
26,SONORA,7667102.64,Conservación Periódica
26,SONORA,2925000.0,Conservación Periódica
26,SONORA,13543876.51,Conservación Periódica
26,SONORA,6896897.5,Conservación Periódica
26,SONORA,4574257.02,Conservación Periódica
26,SONORA,14710423.83,Conservación Periódica
26,SONORA,3682982.72,Conservación Periódica
26,SONORA,17393862.09,Conservación Periódica
26,SONORA,10185311.91,Conservación Periódica
26,SONORA,3795768.46,Conservación Periódica
26,SONORA,786369.75,Conservación Periódica
26,SONORA,41786714.29,Conservación Periódica
26,SONORA,8000000.0,Conservación Periódica
26,SONORA,942505.1,Conservación Periódica
26,SONORA,116852302.55,Conservación Rutinaria
26,SONORA,10672930.24,Conservación Rutinaria
26,SONORA,15650824.46,Conservación Rutinaria
26,SONORA,8326503.74,Conservación Rutinaria
26,SONORA,11895005.35,Conservación Rutinaria
26,SONORA,10705504.81,Conservación Rutinaria
26,SONORA,9516004.28,Conservación Rutinaria
26,SONORA,11450098.77,Conservación Rutinaria
26,SONORA,11836180.74,Conservación Rutinaria
26,SONORA,10456005.08,Conservación Rutinaria
26,SONORA,16343245.08,Conservación Rutinaria
26,SONORA,218825.53,Conservación Rutinaria
26,SONORA,188907.9,Conservación Rutinaria
26,SONORA,144891.89,Conservación Rutinaria
26,SONORA,384588.38,Conservación Rutinaria
26,SONORA,335646.75,Conservación Rutinaria
26,SONORA,208242.28,Conservación Rutinaria
26,SONORA,252241.98,Conservación Rutinaria
26,SONORA,247566.81,Conservación Rutinaria
26,SONORA,388145.23,Conservación Rutinaria
26,SONORA,317547.95,Conservación Rutinaria
26,SONORA,361129.56,Conservación Rutinaria
26,SONORA,210113.53,Conservación Rutinaria
26,SONORA,6395398.0,Conservación Rutinaria
26,SONORA,22658450.41,Señalamiento
26,SONORA,10375768.6,Señalamiento
26,SONORA,9524302.56,Señalamiento
26,SONORA,2758379.25,Señalamiento
26,SONORA,22932.02,Señalamiento
26,SONORA,136114.35,Señalamiento
26,SONORA,6279690.02,Señalamiento
26,SONORA,18233.8,Señalamiento
26,SONORA,3853439.73,Señalamiento
26,SONORA,4728169.96,Señalamiento
26,SONORA,1585799.22,Conservación Rutinaria
26,SONORA,1843342.32,Conservación Rutinaria
26,SONORA,1769339.51,Conservación Rutinaria
26,SONORA,611719.2,Conservación Rutinaria
26,SONORA,3978055.26,Conservación Rutinaria
26,SONORA,25160.54,Conservación Rutinaria
26,SONORA,2612193.35,Otros Subprogramas
26,SONORA,2997389.75,Otros Subprogramas
27,TABASCO,42769644.48,Reconstrucción
27,TABASCO,31882692.87,Reconstrucción
27,TABASCO,33767098.63,Reconstrucción
27,TABASCO,6331229.09,Reconstrucción
27,TABASCO,6748781.97,Reconstrucción
27,TABASCO,7107874.5,Reconstrucción
27,TABASCO,27135079.07,Conservación Periódica
27,TABASCO,27627108.3,Conservación Periódica
27,TABASCO,27442728.76,Conservación Periódica
27,TABASCO,18151515.8,Conservación Periódica
27,TABASCO,7968796.85,Conservación Periódica
27,TABASCO,10082879.21,Conservación Periódica
27,TABASCO,4319486.55,Conservación Periódica
27,TABASCO,23974249.75,Conservación Periódica
27,TABASCO,22331007.63,Conservación Periódica
27,TABASCO,5166553.37,Conservación Periódica
27,TABASCO,12834425.62,Conservación Periódica
27,TABASCO,7987719.41,Conservación Periódica
27,TABASCO,5312143.79,Conservación Periódica
27,TABASCO,10904674.41,Conservación Periódica
27,TABASCO,1480727.04,Conservación Periódica
27,TABASCO,11665433.98,Conservación Periódica
27,TABASCO,10791581.05,Conservación Periódica
27,TABASCO,11774758.8,Conservación Periódica
27,TABASCO,12669886.32,Conservación Periódica
27,TABASCO,2429752.91,Conservación Periódica
27,TABASCO,55560036.61,Conservación Rutinaria
27,TABASCO,11222229.79,Conservación Rutinaria
27,TABASCO,12478112.37,Conservación Rutinaria
27,TABASCO,10973475.66,Conservación Rutinaria
27,TABASCO,10580839.65,Conservación Rutinaria
27,TABASCO,10305379.14,Conservación Rutinaria
27,TABASCO,2499183.38,Conservación Rutinaria
27,TABASCO,2460551.63,Conservación Rutinaria
27,TABASCO,3127433.24,Conservación Rutinaria
27,TABASCO,1392865.89,Conservación Rutinaria
27,TABASCO,832705.17,Conservación Rutinaria
27,TABASCO,1336052.32,Conservación Rutinaria
27,TABASCO,751931.26,Conservación Rutinaria
27,TABASCO,928634.25,Conservación Rutinaria
27,TABASCO,5436000.0,Conservación Rutinaria
27,TABASCO,15559294.77,Señalamiento
27,TABASCO,8154760.81,Señalamiento
27,TABASCO,7404533.96,Señalamiento
27,TABASCO,928634.25,Señalamiento
27,TABASCO,4698788.0,Señalamiento
27,TABASCO,5573958.26,Señalamiento
27,TABASCO,8288506.5,Conservación Rutinaria
27,TABASCO,91696.08,Conservación Rutinaria
27,TABASCO,9842837.63,Otros Subprogramas
27,TABASCO,2847279.84,Otros Subprogramas
27,TABASCO,331534454.82,Programa Asociación Público Privada de Conservación 
28,TAMAULIPAS,23702388.32,Reconstrucción
28,TAMAULIPAS,14864226.61,Reconstrucción
28,TAMAULIPAS,8206329.27,Reconstrucción
28,TAMAULIPAS,14977741.36,Reconstrucción
28,TAMAULIPAS,9124950.07,Reconstrucción
28,TAMAULIPAS,212986.05,Reconstrucción
28,TAMAULIPAS,358864.11,Reconstrucción
28,TAMAULIPAS,25544522.59,Conservación Periódica
28,TAMAULIPAS,23470764.88,Conservación Periódica
28,TAMAULIPAS,12811217.48,Conservación Periódica
28,TAMAULIPAS,877361.85,Conservación Periódica
28,TAMAULIPAS,25111960.89,Conservación Periódica
28,TAMAULIPAS,25585495.92,Conservación Periódica
28,TAMAULIPAS,12594165.76,Conservación Periódica
28,TAMAULIPAS,14686819.96,Conservación Periódica
28,TAMAULIPAS,12138649.12,Conservación Periódica
28,TAMAULIPAS,20358395.05,Conservación Periódica
28,TAMAULIPAS,22394094.75,Conservación Periódica
28,TAMAULIPAS,25090949.14,Conservación Periódica
28,TAMAULIPAS,306290.98,Conservación Periódica
28,TAMAULIPAS,522027.85,Conservación Periódica
28,TAMAULIPAS,4580997.75,Conservación Periódica
28,TAMAULIPAS,6593647.12,Conservación Periódica
28,TAMAULIPAS,6614014.44,Conservación Periódica
28,TAMAULIPAS,4580997.75,Conservación Periódica
28,TAMAULIPAS,526682.48,Conservación Periódica
28,TAMAULIPAS,202479.16,Conservación Periódica
28,TAMAULIPAS,92220.49,Conservación Periódica
28,TAMAULIPAS,576815.17,Conservación Periódica
28,TAMAULIPAS,270526.76,Conservación Periódica
28,TAMAULIPAS,38021.78,Conservación Periódica
28,TAMAULIPAS,5165298.88,Conservación Periódica
28,TAMAULIPAS,6808614.25,Conservación Periódica
28,TAMAULIPAS,6998295.89,Conservación Periódica
28,TAMAULIPAS,4488632.5,Conservación Periódica
28,TAMAULIPAS,2233509.88,Conservación Periódica
28,TAMAULIPAS,56363.66,Conservación Periódica
28,TAMAULIPAS,18095602.01,Conservación Periódica
28,TAMAULIPAS,11566460.9,Conservación Periódica
28,TAMAULIPAS,114875790.19,Conservación Rutinaria
28,TAMAULIPAS,10180732.94,Conservación Rutinaria
28,TAMAULIPAS,3266674.55,Conservación Rutinaria
28,TAMAULIPAS,10043036.89,Conservación Rutinaria
28,TAMAULIPAS,9417852.57,Conservación Rutinaria
28,TAMAULIPAS,10687749.21,Conservación Rutinaria
28,TAMAULIPAS,9495737.93,Conservación Rutinaria
28,TAMAULIPAS,9003341.19,Conservación Rutinaria
28,TAMAULIPAS,8102566.25,Conservación Rutinaria
28,TAMAULIPAS,8497335.32,Conservación Rutinaria
28,TAMAULIPAS,8039322.14,Conservación Rutinaria
28,TAMAULIPAS,8339158.19,Conservación Rutinaria
28,TAMAULIPAS,10804564.81,Conservación Rutinaria
28,TAMAULIPAS,8997718.2,Conservación Rutinaria
28,TAMAULIPAS,11517.11,Conservación Rutinaria
28,TAMAULIPAS,101398.88,Conservación Rutinaria
28,TAMAULIPAS,26278.64,Conservación Rutinaria
28,TAMAULIPAS,4221.69,Conservación Rutinaria
28,TAMAULIPAS,348448.84,Conservación Rutinaria
28,TAMAULIPAS,271689.74,Conservación Rutinaria
28,TAMAULIPAS,174627.72,Conservación Rutinaria
28,TAMAULIPAS,108866.32,Conservación Rutinaria
28,TAMAULIPAS,326637.86,Conservación Rutinaria
28,TAMAULIPAS,365053.97,Conservación Rutinaria
28,TAMAULIPAS,437129.62,Conservación Rutinaria
28,TAMAULIPAS,429814.82,Conservación Rutinaria
28,TAMAULIPAS,310088.08,Conservación Rutinaria
28,TAMAULIPAS,283844.37,Conservación Rutinaria
28,TAMAULIPAS,272646.33,Conservación Rutinaria
28,TAMAULIPAS,286193.04,Conservación Rutinaria
28,TAMAULIPAS,142264.02,Conservación Rutinaria
28,TAMAULIPAS,124600.52,Conservación Rutinaria
28,TAMAULIPAS,286719.69,Conservación Rutinaria
28,TAMAULIPAS,56179.41,Conservación Rutinaria
28,TAMAULIPAS,139111.5,Conservación Rutinaria
28,TAMAULIPAS,259514.63,Conservación Rutinaria
28,TAMAULIPAS,122458.71,Conservación Rutinaria
28,TAMAULIPAS,116138.72,Conservación Rutinaria
28,TAMAULIPAS,177869.55,Conservación Rutinaria
28,TAMAULIPAS,57706.4,Conservación Rutinaria
28,TAMAULIPAS,557597.6,Conservación Rutinaria
28,TAMAULIPAS,95983.21,Conservación Rutinaria
28,TAMAULIPAS,171584.91,Conservación Rutinaria
28,TAMAULIPAS,7800881.0,Conservación Rutinaria
28,TAMAULIPAS,40422736.7,Señalamiento
28,TAMAULIPAS,10111316.32,Señalamiento
28,TAMAULIPAS,10354849.33,Señalamiento
28,TAMAULIPAS,8903489.87,Señalamiento
28,TAMAULIPAS,11053081.18,Señalamiento
28,TAMAULIPAS,6295183.21,Señalamiento
28,TAMAULIPAS,3037986.77,Señalamiento
28,TAMAULIPAS,3873496.68,Señalamiento
28,TAMAULIPAS,2704908.73,Conservación Rutinaria
28,TAMAULIPAS,3091812.47,Conservación Rutinaria
28,TAMAULIPAS,2928849.04,Conservación Rutinaria
28,TAMAULIPAS,42125.19,Conservación Rutinaria
28,TAMAULIPAS,41760.41,Conservación Rutinaria
28,TAMAULIPAS,14735112.85,Otros Subprogramas
28,TAMAULIPAS,10531657.0,Otros Subprogramas
28,TAMAULIPAS,3096866.98,Otros Subprogramas
28,TAMAULIPAS,3087523.41,Otros Subprogramas
28,TAMAULIPAS,106634344.61,Programa Asociación Público Privada de Conservación 
29,TLAXCALA,4605627.87,Reconstrucción
29,TLAXCALA,12444101.86,Reconstrucción
29,TLAXCALA,15281830.25,Reconstrucción
29,TLAXCALA,6000000.0,Reconstrucción
29,TLAXCALA,36618.56,Reconstrucción
29,TLAXCALA,196582.0,Reconstrucción
29,TLAXCALA,34921593.97,Conservación Periódica
29,TLAXCALA,60208490.74,Conservación Periódica
29,TLAXCALA,21637530.47,Conservación Periódica
29,TLAXCALA,7503865.86,Conservación Periódica
29,TLAXCALA,1317792.87,Conservación Periódica
29,TLAXCALA,4091819.51,Conservación Periódica
29,TLAXCALA,14348678.92,Conservación Periódica
29,TLAXCALA,21630224.09,Conservación Periódica
29,TLAXCALA,35229158.04,Conservación Periódica
29,TLAXCALA,6882000.0,Conservación Periódica
29,TLAXCALA,22949279.26,Conservación Periódica
29,TLAXCALA,13148190.67,Conservación Periódica
29,TLAXCALA,7246584.62,Conservación Periódica
29,TLAXCALA,4803043.69,Conservación Periódica
29,TLAXCALA,3055014.17,Conservación Periódica
29,TLAXCALA,3124445.3,Conservación Periódica
29,TLAXCALA,3588673.63,Conservación Periódica
29,TLAXCALA,1807187.69,Conservación Periódica
29,TLAXCALA,3000000.0,Conservación Periódica
29,TLAXCALA,39432978.37,Conservación Rutinaria
29,TLAXCALA,8720582.87,Conservación Rutinaria
29,TLAXCALA,10076203.2,Conservación Rutinaria
29,TLAXCALA,10565402.03,Conservación Rutinaria
29,TLAXCALA,10070790.27,Conservación Rutinaria
29,TLAXCALA,3715594.17,Conservación Rutinaria
29,TLAXCALA,2493096.27,Conservación Rutinaria
29,TLAXCALA,15235425.64,Señalamiento
29,TLAXCALA,8050311.23,Señalamiento
29,TLAXCALA,7185114.41,Señalamiento
29,TLAXCALA,1155702.2,Señalamiento
29,TLAXCALA,0.0,Señalamiento
29,TLAXCALA,9425444.75,Señalamiento
29,TLAXCALA,5847956.95,Señalamiento
29,TLAXCALA,6701299.63,Señalamiento
29,TLAXCALA,0.0,Señalamiento
29,TLAXCALA,3313693.99,Conservación Rutinaria
29,TLAXCALA,3151773.26,Conservación Rutinaria
29,TLAXCALA,46620.99,Conservación Rutinaria
29,TLAXCALA,500000.0,Otros Subprogramas
29,TLAXCALA,13400000.0,Otros Subprogramas
29,TLAXCALA,1830698.15,Otros Subprogramas
29,TLAXCALA,121578057.71,Programa Asociación Público Privada de Conservación 
30,VERACRUZ,27103883.01,Reconstrucción
30,VERACRUZ,2166594.17,Reconstrucción
30,VERACRUZ,2167165.2,Reconstrucción
30,VERACRUZ,2167165.2,Reconstrucción
30,VERACRUZ,2167165.2,Reconstrucción
30,VERACRUZ,854900.0,Reconstrucción
30,VERACRUZ,37285713.9,Conservación Periódica
30,VERACRUZ,29830269.48,Conservación Periódica
30,VERACRUZ,24805298.36,Conservación Periódica
30,VERACRUZ,41428701.68,Conservación Periódica
30,VERACRUZ,43203100.69,Conservación Periódica
30,VERACRUZ,23791324.42,Conservación Periódica
30,VERACRUZ,12517155.99,Conservación Periódica
30,VERACRUZ,13810131.09,Conservación Periódica
30,VERACRUZ,10510841.27,Conservación Periódica
30,VERACRUZ,30853006.77,Conservación Periódica
30,VERACRUZ,20093703.99,Conservación Periódica
30,VERACRUZ,19180916.91,Conservación Periódica
30,VERACRUZ,19001338.78,Conservación Periódica
30,VERACRUZ,9632798.62,Conservación Periódica
30,VERACRUZ,20148228.99,Conservación Periódica
30,VERACRUZ,26837180.58,Conservación Periódica
30,VERACRUZ,4277968.45,Conservación Periódica
30,VERACRUZ,11184092.0,Conservación Periódica
30,VERACRUZ,9608712.97,Conservación Periódica
30,VERACRUZ,143648321.14,Conservación Rutinaria
30,VERACRUZ,12035970.9,Conservación Rutinaria
30,VERACRUZ,7582270.59,Conservación Rutinaria
30,VERACRUZ,6982127.14,Conservación Rutinaria
30,VERACRUZ,11399420.54,Conservación Rutinaria
30,VERACRUZ,7116417.19,Conservación Rutinaria
30,VERACRUZ,13529537.48,Conservación Rutinaria
30,VERACRUZ,7111105.09,Conservación Rutinaria
30,VERACRUZ,9094009.51,Conservación Rutinaria
30,VERACRUZ,7424239.42,Conservación Rutinaria
30,VERACRUZ,8174966.96,Conservación Rutinaria
30,VERACRUZ,6788367.57,Conservación Rutinaria
30,VERACRUZ,7120474.75,Conservación Rutinaria
30,VERACRUZ,7890527.06,Conservación Rutinaria
30,VERACRUZ,7479099.34,Conservación Rutinaria
30,VERACRUZ,10662767.2,Conservación Rutinaria
30,VERACRUZ,13257020.4,Conservación Rutinaria
30,VERACRUZ,178507.33,Conservación Rutinaria
30,VERACRUZ,315003.06,Conservación Rutinaria
30,VERACRUZ,51482.15,Conservación Rutinaria
30,VERACRUZ,66232.42,Conservación Rutinaria
30,VERACRUZ,206568.04,Conservación Rutinaria
30,VERACRUZ,90795.29,Conservación Rutinaria
30,VERACRUZ,80923.05,Conservación Rutinaria
30,VERACRUZ,121139.69,Conservación Rutinaria
30,VERACRUZ,61529.1,Conservación Rutinaria
30,VERACRUZ,187364.84,Conservación Rutinaria
30,VERACRUZ,109020.01,Conservación Rutinaria
30,VERACRUZ,240510.25,Conservación Rutinaria
30,VERACRUZ,44227.01,Conservación Rutinaria
30,VERACRUZ,44227.01,Conservación Rutinaria
30,VERACRUZ,74686.62,Conservación Rutinaria
30,VERACRUZ,0.0,Conservación Rutinaria
30,VERACRUZ,41022.55,Conservación Rutinaria
30,VERACRUZ,70609.73,Conservación Rutinaria
30,VERACRUZ,70609.73,Conservación Rutinaria
30,VERACRUZ,0.0,Conservación Rutinaria
30,VERACRUZ,87549.42,Conservación Rutinaria
30,VERACRUZ,186506.74,Conservación Rutinaria
30,VERACRUZ,137083.89,Conservación Rutinaria
30,VERACRUZ,372378.39,Conservación Rutinaria
30,VERACRUZ,170811.46,Conservación Rutinaria
30,VERACRUZ,225833.1,Conservación Rutinaria
30,VERACRUZ,232259.5,Conservación Rutinaria
30,VERACRUZ,193701.56,Conservación Rutinaria
30,VERACRUZ,204525.91,Conservación Rutinaria
30,VERACRUZ,219340.79,Conservación Rutinaria
30,VERACRUZ,0.0,Conservación Rutinaria
30,VERACRUZ,118091.23,Conservación Rutinaria
30,VERACRUZ,11793976.0,Conservación Rutinaria
30,VERACRUZ,18430979.86,Señalamiento
30,VERACRUZ,3614707.43,Señalamiento
30,VERACRUZ,2813684.4,Señalamiento
30,VERACRUZ,2462384.78,Señalamiento
30,VERACRUZ,3144654.61,Señalamiento
30,VERACRUZ,3592409.8,Señalamiento
30,VERACRUZ,2803138.84,Señalamiento
30,VERACRUZ,352341.38,Señalamiento
30,VERACRUZ,7258430.62,Señalamiento
30,VERACRUZ,310424.04,Señalamiento
30,VERACRUZ,6987457.3,Señalamiento
30,VERACRUZ,7500000.0,Señalamiento
30,VERACRUZ,278457.1,Señalamiento
30,VERACRUZ,5841160.46,Conservación Rutinaria
30,VERACRUZ,4311439.8,Conservación Rutinaria
30,VERACRUZ,5436224.04,Conservación Rutinaria
30,VERACRUZ,50099.16,Conservación Rutinaria
30,VERACRUZ,10000000.0,Otros Subprogramas
30,VERACRUZ,5774012.79,Otros Subprogramas
30,VERACRUZ,2684882.4,Otros Subprogramas
30,VERACRUZ,2836529.6,Otros Subprogramas
30,VERACRUZ,159469900.0,Coparticipación FONDEN
30,VERACRUZ,2430134.42,Coparticipación FONDEN
30,VERACRUZ,41994078.18,Contratos Plurianuales de Conservación de Carreteras
31,YUCATAN,17567808.13,Conservación Periódica
31,YUCATAN,23497200.0,Conservación Periódica
31,YUCATAN,17622880.82,Conservación Periódica
31,YUCATAN,17506281.24,Conservación Periódica
31,YUCATAN,1590074.26,Conservación Periódica
31,YUCATAN,16398452.17,Conservación Periódica
31,YUCATAN,6483810.93,Conservación Periódica
31,YUCATAN,8044536.18,Conservación Periódica
31,YUCATAN,8298500.48,Conservación Periódica
31,YUCATAN,13852728.35,Conservación Periódica
31,YUCATAN,34025112.16,Conservación Periódica
31,YUCATAN,12279590.3,Conservación Periódica
31,YUCATAN,2937930.69,Conservación Periódica
31,YUCATAN,85102659.22,Conservación Rutinaria
31,YUCATAN,9704587.09,Conservación Rutinaria
31,YUCATAN,8619626.49,Conservación Rutinaria
31,YUCATAN,8659165.43,Conservación Rutinaria
31,YUCATAN,8606278.74,Conservación Rutinaria
31,YUCATAN,8714354.24,Conservación Rutinaria
31,YUCATAN,8008790.97,Conservación Rutinaria
31,YUCATAN,8273010.62,Conservación Rutinaria
31,YUCATAN,8006615.74,Conservación Rutinaria
31,YUCATAN,7295467.65,Conservación Rutinaria
31,YUCATAN,9214762.25,Conservación Rutinaria
31,YUCATAN,55156.63,Conservación Rutinaria
31,YUCATAN,48153.18,Conservación Rutinaria
31,YUCATAN,47354.7,Conservación Rutinaria
31,YUCATAN,5153290.5,Conservación Rutinaria
31,YUCATAN,37458418.81,Señalamiento
31,YUCATAN,3361991.74,Señalamiento
31,YUCATAN,4225744.72,Señalamiento
31,YUCATAN,10457905.68,Señalamiento
31,YUCATAN,14957410.98,Señalamiento
31,YUCATAN,2130225.45,Señalamiento
31,YUCATAN,2325140.24,Señalamiento
31,YUCATAN,4091420.65,Señalamiento
31,YUCATAN,12105403.77,Señalamiento
31,YUCATAN,1499401.82,Conservación Rutinaria
31,YUCATAN,693409.12,Otros Subprogramas
31,YUCATAN,3404220.62,Otros Subprogramas
32,ZACATECAS,9295627.97,Reconstrucción
32,ZACATECAS,4006161.4,Reconstrucción
32,ZACATECAS,3462891.04,Reconstrucción
32,ZACATECAS,3829345.88,Reconstrucción
32,ZACATECAS,7405865.06,Reconstrucción
32,ZACATECAS,17132838.36,Conservación Periódica
32,ZACATECAS,22968463.41,Conservación Periódica
32,ZACATECAS,19239518.86,Conservación Periódica
32,ZACATECAS,13281853.46,Conservación Periódica
32,ZACATECAS,13341001.32,Conservación Periódica
32,ZACATECAS,14302868.0,Conservación Periódica
32,ZACATECAS,14448839.6,Conservación Periódica
32,ZACATECAS,9719893.95,Conservación Periódica
32,ZACATECAS,1296516.09,Conservación Periódica
32,ZACATECAS,11358013.47,Conservación Periódica
32,ZACATECAS,11395064.54,Conservación Periódica
32,ZACATECAS,6553426.81,Conservación Periódica
32,ZACATECAS,2577010.45,Conservación Periódica
32,ZACATECAS,5131258.38,Conservación Periódica
32,ZACATECAS,15665800.86,Conservación Periódica
32,ZACATECAS,10899942.82,Conservación Periódica
32,ZACATECAS,7640021.84,Conservación Periódica
32,ZACATECAS,118678009.18,Conservación Rutinaria
32,ZACATECAS,9599956.15,Conservación Rutinaria
32,ZACATECAS,9499702.02,Conservación Rutinaria
32,ZACATECAS,8997455.0,Conservación Rutinaria
32,ZACATECAS,9599781.69,Conservación Rutinaria
32,ZACATECAS,9494129.39,Conservación Rutinaria
32,ZACATECAS,9849996.63,Conservación Rutinaria
32,ZACATECAS,9707071.42,Conservación Rutinaria
32,ZACATECAS,9599319.34,Conservación Rutinaria
32,ZACATECAS,8341640.28,Conservación Rutinaria
32,ZACATECAS,8499919.02,Conservación Rutinaria
32,ZACATECAS,8599486.81,Conservación Rutinaria
32,ZACATECAS,8882853.42,Conservación Rutinaria
32,ZACATECAS,8006698.02,Conservación Rutinaria
32,ZACATECAS,1481175.93,Conservación Rutinaria
32,ZACATECAS,5184510.89,Conservación Rutinaria
32,ZACATECAS,48743788.31,Señalamiento
32,ZACATECAS,18139333.3,Señalamiento
32,ZACATECAS,16273333.06,Señalamiento
32,ZACATECAS,14331121.95,Señalamiento
32,ZACATECAS,10121238.18,Señalamiento
32,ZACATECAS,8811651.81,Señalamiento
32,ZACATECAS,8198623.04,Señalamiento
32,ZACATECAS,9142286.47,Señalamiento
32,ZACATECAS,6094560.87,Conservación Rutinaria
32,ZACATECAS,5716600.86,Conservación Rutinaria
32,ZACATECAS,1633732.27,Otros Subprogramas
32,ZACATECAS,2625802.0,Otros Subprogramas
32,ZACATECAS,2625802.0,Otros Subprogramas
